Dataset,Method,Dimensions,realM,realS,userM,userS,sysM,sysS
baron-human,umap,2,22,17.147,21,47.614,0,12.686
baron-human,umap,3,24,0.679,23,33.585,0,13.388
baron-human,pca,3,2,48.656,2,44.761,0,18.620
baron-human,isomap,3,6,28.466,26,17.993,0,28.657
baron-human,lle,3,5,56.819,25,35.720,0,14.982
baron-human,spectral,3,8,29.357,61,49.690,0,19.750
baron-human,mds,3,17,53.243,38,19.413,15,38.707
baron-human,fa,3,3,37.598,3,38.517,0,51.773
baron-human,fica,3,4,51.987,26,53.157,0,12.501
baron-human,nmf,3,3,8.967,3,9.083,0,20.438
baron-human,lda,3,10,11.870,13,21.865,19,29.037
baron-human,mctsne,3,4,26.435,12,9.646,0,14.707
baron-human,umap,4,24,28.589,23,48.440,0,13.439
baron-human,pca,4,2,46.927,2,42.678,0,18.745
baron-human,isomap,4,6,52.732,26,22.256,0,35.841
baron-human,lle,4,6,7.377,25,41.479,0,13.826
baron-human,spectral,4,8,43.860,61,42.943,0,26.318
baron-human,mds,4,16,49.693,22,12.460,8,6.956
baron-human,fa,4,3,44.134,3,45.285,0,57.044
baron-human,fica,4,4,53.951,27,0.138,0,12.871
baron-human,nmf,4,3,10.685,3,6.951,0,24.013
baron-human,lda,4,11,0.982,20,34.018,48,58.055
baron-human,mctsne,4,5,20.621,14,1.044,0,29.490
baron-human,umap,5,23,0.141,22,6.049,0,12.442
baron-human,pca,5,2,47.463,2,42.380,0,18.474
baron-human,isomap,5,6,54.231,26,12.777,0,34.098
baron-human,lle,5,5,57.648,25,38.281,0,13.126
baron-human,spectral,5,8,21.844,61,16.238,0,18.228
baron-human,mds,5,17,56.871,38,18.679,15,25.580
baron-human,fa,5,3,53.748,3,55.054,0,57.889
baron-human,fica,5,4,55.782,27,4.699,0,13.244
baron-human,nmf,5,3,16.164,3,14.995,0,20.632
baron-human,lda,5,11,11.531,25,45.610,63,48.967
baron-human,mctsne,5,7,16.396,20,17.691,0,44.103
baron-human,umap,8,22,46.710,22,14.966,0,12.517
baron-human,pca,8,2,58.647,2,53.089,0,18.308
baron-human,isomap,8,6,58.553,26,12.894,0,40.871
baron-human,lle,8,6,0.718,25,41.820,0,13.920
baron-human,spectral,8,8,24.000,61,45.846,0,17.441
baron-human,mds,8,17,49.922,37,12.237,14,51.447
baron-human,fa,8,4,24.158,4,28.532,1,19.949
baron-human,fica,8,5,0.484,26,53.411,0,15.148
baron-human,nmf,8,4,48.414,4,48.185,0,20.602
baron-human,lda,8,11,46.295,34,55.786,73,58.493
baron-human,mctsne,8,35,34.738,117,16.232,7,24.177
baron-human,umap,10,22,52.847,22,12.521,0,14.467
baron-human,pca,10,2,51.023,2,47.075,0,18.553
baron-human,isomap,10,7,21.759,33,48.472,0,59.463
baron-human,lle,10,6,43.713,33,30.717,0,57.116
baron-human,spectral,10,8,27.477,61,58.767,0,19.608
baron-human,mds,10,20,53.350,76,1.230,29,5.123
baron-human,fa,10,5,24.806,5,37.016,1,58.912
baron-human,fica,10,4,51.678,26,20.879,0,13.658
baron-human,nmf,10,7,1.698,7,1.410,0,20.963
baron-human,lda,10,12,14.462,34,32.308,80,48.542
baron-human,mctsne,10,137,56.934,642,58.968,36,18.293
baron-human,umap,15,22,27.072,21,50.159,0,12.551
baron-human,pca,15,2,55.046,2,50.820,0,18.882
baron-human,isomap,15,7,15.838,33,48.119,1,2.271
baron-human,lle,15,6,37.786,33,32.517,0,54.301
baron-human,spectral,15,8,25.455,61,38.753,0,20.441
baron-human,mds,15,21,4.141,76,49.281,28,34.413
baron-human,fa,15,4,6.823,4,9.192,0,57.059
baron-human,fica,15,4,53.586,27,11.054,0,13.536
baron-human,nmf,15,8,7.039,8,6.606,0,21.052
baron-human,lda,15,12,52.286,35,35.209,86,16.317
baron-human,mctsne,15,208,21.819,2129,34.200,43,18.381
baron-human,umap,25,25,16.708,23,1.846,0,14.966
baron-human,pca,25,2,54.071,2,49.171,0,18.801
baron-human,isomap,25,8,47.183,33,46.966,1,1.978
baron-human,lle,25,8,23.027,33,37.111,0,55.456
baron-human,spectral,25,8,44.146,61,48.105,0,23.012
baron-human,mds,25,22,8.206,81,10.098,29,1.276
baron-human,fa,25,6,43.400,6,58.710,2,0.437
baron-human,fica,25,4,59.886,27,42.702,0,17.206
baron-human,nmf,25,10,7.922,10,7.374,0,21.236
baron-human,lda,25,15,11.524,47,28.989,100,23.597
baron-human,mctsne,25,73,48.486,75,52.428,3,3.133
baron-human,umap,30,24,39.478,23,59.913,0,14.520
baron-human,pca,30,3,1.315,2,56.098,0,18.553
baron-human,isomap,30,7,10.525,34,0.445,1,6.551
baron-human,lle,30,6,47.060,33,28.161,0,55.864
baron-human,spectral,30,8,30.539,62,23.734,0,16.561
baron-human,mds,30,22,12.556,82,24.444,29,4.168
baron-human,fa,30,8,27.855,8,52.862,2,40.422
baron-human,fica,30,4,59.223,27,18.343,0,17.685
baron-human,nmf,30,11,22.037,11,19.280,0,22.322
baron-human,lda,30,15,25.104,47,36.740,103,48.021
baron-human,mctsne,30,4,22.535,8,38.338,0,48.554
baron-human,umap,35,23,33.818,22,58.736,0,12.601
baron-human,pca,35,2,56.326,2,51.987,0,18.558
baron-human,isomap,35,7,24.882,33,32.492,1,9.907
baron-human,lle,35,6,56.454,33,30.350,1,6.126
baron-human,spectral,35,8,53.105,61,43.968,0,19.637
baron-human,mds,35,22,31.086,84,4.293,28,46.688
baron-human,fa,35,8,14.015,8,34.819,2,19.318
baron-human,fica,35,4,59.494,27,29.193,0,21.579
baron-human,nmf,35,12,8.609,12,8.710,0,21.745
baron-human,lda,35,16,27.770,52,14.121,110,39.590
baron-human,mctsne,35,5,16.236,13,15.692,0,15.200
baron-human,umap,40,25,5.931,23,25.190,0,17.451
baron-human,pca,40,2,44.143,3,27.761,0,19.959
baron-human,isomap,40,7,15.422,34,1.223,1,6.222
baron-human,lle,40,8,16.648,33,19.159,0,56.519
baron-human,spectral,40,8,33.495,61,56.149,0,21.255
baron-human,mds,40,23,0.184,86,22.957,29,4.785
baron-human,fa,40,5,51.373,28,19.355,5,47.528
baron-human,fica,40,4,58.605,27,33.749,0,24.206
baron-human,nmf,40,13,7.613,14,40.548,0,31.759
baron-human,lda,40,17,30.113,56,22.351,118,25.544
baron-human,mctsne,40,5,32.970,13,50.446,0,11.768
baron-human,umap,45,24,2.085,23,32.093,0,12.878
baron-human,pca,45,2,45.536,3,29.708,0,20.325
baron-human,isomap,45,7,17.728,33,47.137,1,9.850
baron-human,lle,45,6,59.992,33,44.005,1,0.601
baron-human,spectral,45,8,32.990,62,15.480,0,19.225
baron-human,mds,45,23,4.459,86,55.285,28,39.024
baron-human,fa,45,4,53.095,19,57.942,4,5.339
baron-human,fica,45,4,56.567,27,13.883,0,26.147
baron-human,nmf,45,14,3.470,15,42.286,0,38.509
baron-human,lda,45,23,47.627,116,18.052,133,59.740
baron-human,mctsne,45,35,2.204,53,22.702,0,21.267
baron-human,umap,50,23,58.891,23,24.728,0,13.504
baron-human,pca,50,2,48.221,3,38.593,0,18.482
baron-human,isomap,50,7,4.470,33,52.513,1,3.788
baron-human,lle,50,7,15.107,33,23.294,0,57.035
baron-human,spectral,50,8,41.877,62,25.513,0,19.065
baron-human,mds,50,27,17.669,136,25.233,74,46.115
baron-human,fa,50,6,14.924,32,13.645,5,53.889
baron-human,fica,50,5,15.158,28,33.681,0,34.537
baron-human,nmf,50,7,3.867,45,57.855,8,34.814
baron-human,lda,50,28,51.451,144,36.990,165,48.047
baron-human,mctsne,50,2279,40.532,3033,53.912,24,46.460
baron-human,umap,60,24,22.134,23,44.974,0,13.099
baron-human,pca,60,2,45.728,3,40.220,0,18.096
baron-human,isomap,60,6,58.887,33,36.890,1,10.306
baron-human,lle,60,6,42.109,33,45.183,0,55.022
baron-human,spectral,60,8,43.191,62,41.551,0,18.121
baron-human,mds,60,26,51.288,141,28.827,72,36.314
baron-human,fa,60,7,38.640,45,0.239,7,29.652
baron-human,fica,60,4,54.684,27,5.018,0,38.960
baron-human,nmf,60,7,33.170,51,2.165,8,41.217
baron-human,lda,60,28,57.644,145,10.283,165,3.263
baron-human,mctsne,60,4,12.419,8,31.100,0,49.433
baron-human,umap,70,24,28.660,24,3.386,0,13.565
baron-human,pca,70,2,46.280,3,38.529,0,20.051
baron-human,isomap,70,7,12.608,33,59.609,1,0.605
baron-human,lle,70,6,54.129,33,43.133,0,58.360
baron-human,spectral,70,8,42.681,63,0.364,0,18.654
baron-human,mds,70,26,53.396,144,18.709,72,39.066
baron-human,fa,70,10,59.942,72,3.333,13,58.937
baron-human,fica,70,4,56.873,27,15.756,0,37.371
baron-human,nmf,70,7,37.223,49,34.025,9,38.557
baron-human,lda,70,28,18.187,134,9.738,166,0.653
baron-human,mctsne,70,4,22.684,15,2.957,0,15.862
baron-human,umap,80,24,41.468,23,34.369,0,12.749
baron-human,pca,80,2,43.720,3,43.167,0,15.981
baron-human,isomap,80,7,39.039,33,59.769,1,3.590
baron-human,lle,80,6,37.986,33,30.613,1,3.528
baron-human,spectral,80,8,44.456,63,19.789,0,19.188
baron-human,mds,80,26,54.172,147,14.791,74,52.779
baron-human,fa,80,9,7.774,57,30.220,10,6.970
baron-human,fica,80,4,59.255,27,50.989,0,48.818
baron-human,nmf,80,8,28.792,55,49.823,10,38.599
baron-human,lda,80,34,14.600,163,53.190,207,17.110
baron-human,mctsne,80,622,55.422,712,46.550,1,56.416
baron-human,umap,90,24,29.141,24,7.909,0,13.394
baron-human,pca,90,2,44.394,3,35.793,0,21.909
baron-human,isomap,90,7,5.846,33,41.391,1,6.927
baron-human,lle,90,6,41.325,33,28.638,0,58.618
baron-human,spectral,90,9,4.497,64,2.641,0,19.576
baron-human,mds,90,27,22.619,151,12.423,74,53.202
baron-human,fa,90,9,33.551,61,13.003,11,38.662
baron-human,fica,90,5,5.782,27,52.911,0,57.923
baron-human,nmf,90,9,10.014,60,41.126,10,54.363
baron-human,lda,90,38,4.175,195,5.358,220,30.434
baron-human,mctsne,90,4,8.838,8,27.967,0,46.282
baron-human,umap,100,24,39.096,24,7.377,0,14.305
baron-human,pca,100,2,48.122,3,50.191,0,18.125
baron-human,isomap,100,7,4.748,34,0.806,1,10.069
baron-human,lle,100,6,42.929,33,35.084,1,0.253
baron-human,spectral,100,8,48.198,63,27.111,0,18.338
baron-human,mds,100,27,24.845,152,51.337,73,52.462
baron-human,fa,100,8,30.007,52,42.740,8,45.029
baron-human,fica,100,5,4.916,27,9.404,0,50.246
baron-human,nmf,100,9,34.967,61,36.315,13,13.639
baron-human,lda,100,39,7.660,205,1.405,221,46.656
baron-human,mctsne,100,7,51.252,19,7.458,0,18.230
baron-human,umap,125,26,9.805,25,53.796,0,13.852
baron-human,pca,125,2,45.968,3,51.488,0,19.087
baron-human,isomap,125,7,9.874,33,55.201,1,13.852
baron-human,lle,125,6,40.345,33,33.163,1,1.529
baron-human,spectral,125,9,14.635,64,46.732,0,22.462
baron-human,mds,125,28,18.419,165,49.202,80,16.065
baron-human,fa,125,10,46.791,74,8.767,11,50.997
baron-human,fica,125,5,7.925,28,30.925,1,28.559
baron-human,nmf,125,11,0.214,67,20.418,12,45.592
baron-human,lda,125,45,39.308,243,0.901,257,17.284
baron-human,mctsne,125,4,22.128,8,38.897,0,47.359
baron-human,umap,150,26,4.792,25,58.536,0,13.693
baron-human,pca,150,2,54.882,4,3.612,0,21.979
baron-human,isomap,150,7,7.962,34,8.535,1,14.731
baron-human,lle,150,6,44.928,33,36.982,1,3.677
baron-human,spectral,150,9,29.914,65,21.899,0,25.768
baron-human,mds,150,29,7.421,173,58.913,80,26.768
baron-human,fa,150,9,54.395,67,20.447,10,21.141
baron-human,fica,150,5,9.236,28,40.581,1,42.378
baron-human,nmf,150,13,0.105,76,40.267,14,51.412
baron-human,lda,150,51,58.785,278,14.469,296,56.919
baron-human,umap,175,30,59.854,34,11.486,0,17.322
baron-human,pca,175,3,2.078,4,26.583,1,8.728
baron-human,isomap,175,7,47.464,34,53.154,5,16.112
baron-human,lle,175,7,27.636,34,37.007,5,5.513
baron-human,spectral,175,9,35.452,66,55.197,0,18.232
baron-human,mds,175,29,33.696,181,55.804,81,25.054
baron-human,fa,175,13,19.992,71,25.852,36,53.052
baron-human,fica,175,7,50.233,48,44.442,2,16.563
baron-human,nmf,175,18,9.026,79,48.821,48,54.193
baron-human,lda,175,54,11.524,259,57.808,337,32.124
baron-human,mctsne,175,287,58.858,303,11.580,1,49.019
campbell,umap,2,102,13.799,99,45.789,1,4.541
campbell,isomap,2,75,15.479,649,39.841,1,57.370
campbell,lle,2,69,55.992,653,17.490,1,10.070
campbell,spectral,2,80,56.037,822,26.525,1,19.413
campbell,mds,2,11,47.660,21,36.734,1,51.573
campbell,fa,2,13,20.103,12,48.499,1,32.261
campbell,fica,2,39,49.636,351,54.874,2,3.702
campbell,nmf,2,11,5.101,10,50.910,0,44.790
campbell,lda,2,34,39.813,45,35.252,70,29.137
campbell,mctsne,2,23,54.994,140,25.824,1,28.940
campbell,umap,3,103,3.383,100,33.884,1,0.732
campbell,pca,3,10,20.928,9,55.217,0,40.205
campbell,isomap,3,74,46.238,650,15.157,2,14.688
campbell,lle,3,69,32.188,647,29.573,1,15.684
campbell,spectral,3,80,28.225,820,22.529,1,17.647
campbell,mds,3,11,25.374,20,54.456,1,46.083
campbell,fa,3,14,31.123,14,4.862,1,48.041
campbell,fica,3,40,35.302,356,45.696,2,24.096
campbell,nmf,3,12,16.700,12,6.586,0,41.791
campbell,lda,3,38,6.852,71,47.827,192,26.149
campbell,mctsne,3,25,0.634,145,9.175,1,34.984
campbell,umap,4,108,50.004,106,10.368,1,14.654
campbell,pca,4,10,37.242,10,4.777,0,46.997
campbell,isomap,4,76,47.473,647,29.477,2,26.699
campbell,lle,4,71,52.724,648,21.733,1,27.320
campbell,spectral,4,80,37.110,819,30.500,1,19.062
campbell,fa,4,12,3.341,11,33.328,1,5.184
campbell,fica,4,39,29.285,352,15.929,2,10.895
campbell,nmf,4,15,54.279,15,29.916,0,54.227
campbell,lda,4,34,24.492,74,8.674,219,14.487
campbell,mctsne,4,28,3.811,156,23.028,2,10.841
campbell,umap,5,102,21.250,97,35.211,0,57.999
campbell,pca,5,10,14.439,9,43.525,0,45.691
campbell,isomap,5,77,41.940,648,53.469,2,18.015
campbell,lle,5,71,16.769,647,21.081,1,14.914
campbell,spectral,5,81,8.423,824,7.512,1,32.204
campbell,fa,5,12,33.351,12,3.229,1,14.850
campbell,fica,5,40,8.668,354,31.953,2,28.324
campbell,nmf,5,15,34.332,15,20.573,0,42.797
campbell,lda,5,34,39.587,80,27.836,221,21.258
campbell,mctsne,5,32,36.725,170,58.577,2,32.144
campbell,umap,8,157,43.034,153,44.162,2,7.857
campbell,pca,8,10,10.505,9,48.077,0,36.752
campbell,isomap,8,75,35.881,649,48.634,4,46.692
campbell,lle,8,69,23.506,649,17.473,1,9.732
campbell,spectral,8,81,22.471,821,52.018,1,58.884
campbell,fa,8,12,33.295,11,57.530,1,16.977
campbell,fica,8,39,46.676,352,15.572,2,1.900
campbell,nmf,8,15,14.931,15,0.973,0,42.324
campbell,lda,8,36,52.312,95,12.240,232,59.295
campbell,mctsne,8,110,21.925,622,3.347,18,47.892
campbell,umap,10,164,43.058,160,46.988,2,15.178
campbell,pca,10,10,14.717,9,51.742,0,37.331
campbell,isomap,10,83,27.057,752,4.920,9,53.681
campbell,lle,10,77,34.256,749,45.878,7,22.940
campbell,spectral,10,81,50.533,825,16.255,1,44.820
campbell,mds,10,11,28.619,21,7.541,1,41.657
campbell,fa,10,15,10.103,14,43.887,1,43.242
campbell,fica,10,40,0.636,358,28.971,2,11.060
campbell,nmf,10,16,51.531,16,35.307,0,46.619
campbell,lda,10,37,31.171,94,54.163,235,54.399
campbell,mctsne,10,422,55.750,2614,22.050,161,0.929
campbell,umap,15,164,9.552,155,33.924,2,4.381
campbell,pca,15,10,31.728,9,58.448,0,46.264
campbell,isomap,15,84,56.795,753,33.226,10,10.388
campbell,lle,15,78,1.147,746,26.393,7,16.995
campbell,spectral,15,80,52.153,820,10.034,1,44.680
campbell,mds,15,11,13.111,21,1.489,1,38.993
campbell,fa,15,13,29.553,13,8.165,1,7.996
campbell,fica,15,40,15.872,357,22.976,2,34.291
campbell,nmf,15,24,12.823,23,44.328,1,0.736
campbell,lda,15,38,57.283,102,25.789,243,5.064
campbell,mctsne,15,23,37.912,134,46.910,2,12.613
campbell,umap,25,108,25.416,105,45.077,1,3.745
campbell,pca,25,10,17.627,9,51.322,0,40.466
campbell,isomap,25,88,43.933,754,47.002,9,49.568
campbell,lle,25,77,16.089,747,42.221,8,35.810
campbell,spectral,25,81,1.922,824,20.412,1,26.114
campbell,fa,25,32,37.258,32,41.470,4,8.015
campbell,fica,25,39,39.147,351,8.224,1,49.466
campbell,nmf,25,33,53.437,33,37.064,0,48.261
campbell,lda,25,44,13.987,132,25.612,277,41.276
campbell,mctsne,25,186,17.105,290,28.533,9,24.541
campbell,umap,30,101,55.083,99,40.604,1,1.617
campbell,pca,30,10,12.332,9,48.771,0,36.072
campbell,isomap,30,85,14.640,756,54.117,9,42.754
campbell,lle,30,77,51.089,747,58.137,9,55.388
campbell,spectral,30,81,21.604,823,53.666,1,26.787
campbell,mds,30,11,47.168,21,19.466,1,35.240
campbell,fa,30,30,45.617,30,44.682,3,43.021
campbell,fica,30,40,14.726,354,35.614,2,41.608
campbell,nmf,30,36,23.858,36,6.967,0,48.794
campbell,lda,30,45,45.634,131,13.928,296,22.499
campbell,mctsne,30,23,40.273,134,46.083,2,0.150
campbell,umap,35,104,47.999,100,59.868,1,0.425
campbell,pca,35,10,22.459,9,55.535,0,39.970
campbell,isomap,35,93,55.572,832,56.511,26,53.977
campbell,lle,35,81,27.662,751,40.714,12,11.464
campbell,spectral,35,82,3.028,822,8.445,2,17.655
campbell,mds,35,12,13.196,21,44.463,1,57.057
campbell,fa,35,33,34.374,33,19.517,4,0.276
campbell,fica,35,40,13.359,354,45.689,2,23.834
campbell,nmf,35,40,45.747,40,21.612,0,56.735
campbell,lda,35,46,57.108,140,22.506,300,43.340
campbell,mctsne,35,27,43.401,147,58.281,2,7.789
campbell,umap,40,105,43.900,103,28.500,1,9.428
campbell,pca,40,10,36.245,12,51.969,1,4.613
campbell,isomap,40,84,22.143,752,38.765,8,48.671
campbell,lle,40,78,6.352,752,31.527,9,14.445
campbell,spectral,40,81,5.041,821,18.699,1,27.964
campbell,fa,40,21,49.223,110,57.164,15,13.907
campbell,fica,40,40,4.474,352,28.956,2,38.170
campbell,nmf,40,43,5.743,47,52.512,2,6.365
campbell,lda,40,49,34.518,151,28.790,319,7.887
campbell,mctsne,40,27,50.217,149,14.217,1,49.405
campbell,umap,45,168,29.913,165,5.552,2,28.433
campbell,pca,45,10,6.286,12,12.409,1,1.511
campbell,isomap,45,86,54.886,757,12.193,8,26.482
campbell,lle,45,79,53.494,748,53.826,8,19.005
campbell,spectral,45,82,7.953,822,52.789,2,19.244
campbell,fa,45,21,25.825,109,7.881,15,8.559
campbell,fica,45,40,24.036,352,3.489,2,53.649
campbell,nmf,45,45,43.682,50,25.857,1,56.617
campbell,lda,45,73,4.082,346,55.648,407,42.924
campbell,mctsne,45,28,48.046,150,7.879,1,31.994
campbell,umap,50,102,54.414,100,10.679,1,5.600
campbell,pca,50,10,9.466,12,30.671,1,10.969
campbell,isomap,50,84,51.137,758,34.692,10,44.864
campbell,lle,50,78,25.495,748,7.734,9,34.563
campbell,spectral,50,81,44.474,825,5.827,2,40.437
campbell,mds,50,12,10.186,22,31.215,2,21.125
campbell,fa,50,22,24.564,121,5.395,14,18.739
campbell,fica,50,38,59.514,348,13.012,2,16.503
campbell,nmf,50,23,58.037,156,9.359,21,24.264
campbell,lda,50,74,42.270,343,54.398,427,14.032
campbell,mctsne,50,35,14.772,158,34.750,2,27.686
campbell,umap,60,103,11.447,100,54.813,0,59.718
campbell,pca,60,9,44.658,12,26.008,0,53.847
campbell,isomap,60,84,16.410,751,51.044,10,3.587
campbell,lle,60,77,23.472,748,8.839,9,4.338
campbell,spectral,60,81,5.360,819,49.962,1,21.495
campbell,mds,60,11,35.468,22,1.458,1,54.948
campbell,fa,60,27,8.767,152,56.861,22,29.908
campbell,fica,60,40,8.512,352,44.864,2,59.235
campbell,nmf,60,26,7.769,180,15.388,21,32.114
campbell,lda,60,78,54.854,358,36.003,461,25.197
campbell,mctsne,60,23,7.414,134,9.689,1,55.019
campbell,umap,70,106,50.018,104,56.155,1,11.081
campbell,pca,70,10,1.278,12,26.624,1,2.971
campbell,isomap,70,91,44.023,826,31.676,21,26.433
campbell,lle,70,78,58.602,750,34.130,9,16.390
campbell,spectral,70,80,38.375,822,45.670,1,16.881
campbell,fa,70,24,32.029,135,1.732,18,17.376
campbell,fica,70,39,43.107,355,20.036,2,47.476
campbell,nmf,70,27,50.921,194,31.715,21,12.080
campbell,lda,70,77,48.559,343,50.583,459,8.476
campbell,mctsne,70,25,17.821,153,29.609,1,34.910
campbell,umap,80,163,25.575,160,21.009,2,8.821
campbell,pca,80,10,19.172,13,8.447,0,58.807
campbell,isomap,80,84,6.751,754,20.167,8,42.187
campbell,lle,80,78,12.032,750,21.015,9,18.369
campbell,spectral,80,80,58.402,820,37.426,1,18.922
campbell,mds,80,11,50.492,22,45.997,2,10.376
campbell,fa,80,23,8.901,128,13.528,15,11.289
campbell,fica,80,39,56.753,353,17.201,3,45.041
campbell,nmf,80,26,36.828,172,8.817,25,25.251
campbell,lda,80,87,58.932,383,51.355,533,25.413
campbell,mctsne,80,1544,58.368,1854,37.815,4,6.937
campbell,umap,90,108,49.872,106,52.552,1,7.292
campbell,pca,90,10,31.229,12,53.075,1,12.167
campbell,isomap,90,88,17.264,754,42.082,10,59.950
campbell,lle,90,78,17.212,750,31.398,9,19.600
campbell,spectral,90,82,1.186,822,21.298,3,2.055
campbell,mds,90,11,54.118,21,55.995,2,3.715
campbell,fa,90,25,11.707,135,34.311,21,28.930
campbell,fica,90,39,57.492,354,50.024,3,45.992
campbell,nmf,90,30,23.912,203,21.974,21,55.344
campbell,lda,90,99,26.174,482,8.269,578,33.084
campbell,mctsne,90,23,19.818,134,28.458,2,13.510
campbell,umap,100,161,16.335,158,41.364,2,14.901
campbell,pca,100,10,25.674,13,8.676,0,57.735
campbell,isomap,100,93,44.772,827,40.331,24,13.244
campbell,lle,100,99,20.588,948,5.602,9,31.168
campbell,spectral,100,81,5.744,819,25.708,1,45.675
campbell,fa,100,24,1.430,137,53.005,14,49.107
campbell,fica,100,41,17.063,359,12.086,4,55.412
campbell,nmf,100,30,18.196,195,19.736,25,6.132
campbell,lda,100,104,23.941,539,35.433,575,47.655
campbell,mctsne,100,25,41.941,161,20.222,1,45.036
campbell,umap,125,101,46.495,101,10.954,0,59.584
campbell,pca,125,10,39.576,13,48.902,0,52.718
campbell,isomap,125,84,35.093,755,38.233,10,9.399
campbell,lle,125,77,41.583,748,14.297,8,47.028
campbell,mds,125,11,52.148,22,47.978,2,25.489
campbell,spectral,125,81,48.025,825,49.466,2,17.801
campbell,fa,125,28,55.815,181,42.252,19,17.466
campbell,fica,125,40,1.568,353,52.001,4,37.690
campbell,nmf,125,32,35.250,211,31.247,26,35.030
campbell,lda,125,112,40.188,560,22.745,642,11.851
campbell,mctsne,125,23,14.563,134,28.691,2,13.450
campbell,umap,150,106,16.563,106,29.345,1,1.229
campbell,pca,150,10,15.463,13,35.389,1,5.611
campbell,isomap,150,84,1.425,756,39.266,10,7.209
campbell,lle,150,80,29.458,752,27.437,9,44.361
campbell,spectral,150,80,56.886,819,49.870,1,36.662
campbell,fa,150,24,24.220,147,49.824,14,7.855
campbell,fica,150,40,42.130,357,7.458,4,52.026
campbell,nmf,150,34,42.141,218,2.930,30,0.199
campbell,lda,150,125,47.914,620,14.132,738,37.502
campbell,isomap,250,85,9.651,758,26.035,13,1.568
campbell,lle,250,78,7.803,749,12.697,13,18.439
campbell,spectral,250,81,26.741,821,35.648,2,35.896
campbell,mds,250,11,54.120,23,17.954,2,30.982
campbell,fa,250,37,30.492,285,32.109,21,3.837
campbell,fica,250,41,15.208,357,4.158,7,8.999
campbell,nmf,250,50,56.355,308,32.680,29,9.044
campbell,lda,250,172,26.270,841,8.846,1042,21.049
campbell,mctsne,250,22,59.386,134,25.134,2,16.886
campbell,umap,175,105,16.413,106,18.669,1,3.173
campbell,pca,175,10,32.036,14,9.448,3,20.432
campbell,isomap,175,95,32.257,780,53.714,41,19.086
campbell,spectral,175,81,14.132,820,38.339,1,20.175
campbell,fa,175,32,10.352,214,21.004,18,14.412
campbell,mds,175,14,54.528,26,24.148,3,41.152
campbell,nmf,175,39,36.903,238,42.378,30,53.416
campbell,fica,175,70,2.953,283,36.690,3,34.891
chen,umap,2,57,59.501,56,35.984,0,30.912
chen,pca,2,5,18.609,5,8.177,0,25.078
chen,isomap,2,29,52.995,233,53.417,1,15.796
chen,lle,2,27,33.095,231,26.055,0,34.578
chen,spectral,2,34,15.713,325,31.741,0,43.082
chen,mds,2,60,5.736,205,10.275,71,0.577
chen,fa,2,8,5.904,8,0.073,1,24.775
chen,fica,2,14,8.105,105,54.192,0,28.788
chen,nmf,2,6,19.531,6,15.520,0,27.831
chen,lda,2,17,32.653,23,47.448,38,32.719
chen,mctsne,2,11,36.091,63,15.472,0,38.821
chen,umap,3,58,19.466,57,7.764,0,30.921
chen,pca,3,5,26.731,5,16.101,0,25.290
chen,isomap,3,30,22.909,234,10.540,1,18.659
chen,lle,3,28,28.690,230,46.793,0,36.005
chen,spectral,3,34,21.810,326,0.520,0,56.254
chen,mds,3,69,55.228,212,19.885,80,52.550
chen,fa,3,7,38.997,7,27.769,1,18.260
chen,fica,3,14,26.435,107,19.949,0,28.630
chen,nmf,3,6,5.586,6,1.320,0,27.763
chen,lda,3,20,40.335,39,7.858,114,24.321
chen,mctsne,3,12,20.745,66,13.044,0,33.609
chen,umap,4,58,6.761,56,53.564,0,31.421
chen,pca,4,5,27.402,5,14.473,0,27.205
chen,isomap,4,31,17.938,233,19.772,1,26.357
chen,lle,4,28,37.613,230,56.074,0,36.625
chen,spectral,4,34,28.993,324,53.278,0,55.763
chen,mds,4,51,5.756,101,41.327,33,23.706
chen,fa,4,7,41.251,7,34.524,1,13.796
chen,fica,4,14,18.374,106,22.144,0,30.026
chen,nmf,4,6,32.294,6,29.092,0,27.665
chen,lda,4,18,24.460,39,47.728,120,24.923
chen,mctsne,4,14,22.459,72,19.834,1,10.376
chen,umap,5,74,54.401,73,19.383,0,48.845
chen,pca,5,5,32.186,5,20.288,0,25.378
chen,isomap,5,31,54.289,233,36.191,1,21.631
chen,lle,5,29,12.189,231,12.159,0,34.792
chen,spectral,5,34,3.139,325,49.052,0,50.676
chen,mds,5,52,49.146,154,17.043,43,53.548
chen,fa,5,7,53.071,7,49.131,1,21.195
chen,fica,5,14,35.729,108,11.321,0,28.954
chen,nmf,5,6,34.593,6,31.089,0,27.965
chen,lda,5,19,20.261,43,19.684,125,21.672
chen,mctsne,5,17,54.285,86,16.610,1,31.114
chen,umap,8,57,54.194,56,22.073,0,31.388
chen,pca,8,5,26.520,5,15.822,0,25.108
chen,isomap,8,30,24.596,233,19.974,1,33.664
chen,lle,8,27,51.358,231,25.946,0,37.481
chen,spectral,8,34,10.191,325,46.846,0,46.416
chen,mds,8,57,45.615,207,55.031,63,20.137
chen,fa,8,9,21.356,9,22.251,1,47.152
chen,fica,8,14,28.529,108,18.340,0,31.835
chen,nmf,8,6,55.812,6,49.313,0,31.144
chen,lda,8,19,41.053,53,10.136,123,31.668
chen,mctsne,8,65,57.670,329,55.146,12,43.477
chen,umap,10,59,54.123,56,42.455,0,29.758
chen,pca,10,5,41.341,5,29.370,0,25.666
chen,isomap,10,35,52.984,270,7.072,3,41.032
chen,lle,10,32,1.436,268,1.876,3,21.789
chen,spectral,10,34,11.830,326,15.056,0,46.765
chen,mds,10,70,30.184,218,50.404,85,8.180
chen,fa,10,15,24.505,15,31.317,4,0.750
chen,fica,10,14,30.769,108,1.854,0,36.508
chen,nmf,10,7,7.730,7,4.953,0,27.973
chen,lda,10,20,49.015,52,3.830,134,54.246
chen,mctsne,10,263,40.075,1519,39.768,71,59.913
chen,umap,15,57,52.193,56,26.527,0,30.501
chen,pca,15,5,52.269,5,36.506,0,30.184
chen,isomap,15,33,29.384,269,51.302,3,51.000
chen,lle,15,31,8.078,268,17.358,3,13.821
chen,spectral,15,34,29.488,325,48.644,0,52.732
chen,mds,15,57,39.799,214,10.598,60,31.811
chen,fa,15,12,30.993,12,34.331,2,34.201
chen,fica,15,14,7.434,106,21.611,0,27.484
chen,nmf,15,9,24.393,9,16.273,0,33.260
chen,lda,15,21,3.204,54,8.663,136,33.574
chen,mctsne,15,363,3.516,3755,33.496,47,4.661
chen,umap,25,58,33.184,57,11.344,0,33.105
chen,pca,25,5,33.565,5,23.394,0,24.875
chen,isomap,25,33,5.171,269,44.064,3,34.235
chen,lle,25,30,45.011,267,20.221,3,28.303
chen,spectral,25,34,22.549,327,13.557,0,42.746
chen,mds,25,64,34.308,220,57.715,82,53.883
chen,fa,25,15,18.241,15,31.387,2,46.945
chen,fica,25,14,19.817,107,44.491,0,32.628
chen,nmf,25,19,51.533,19,45.099,0,31.912
chen,lda,25,24,53.072,76,18.814,158,44.233
chen,mctsne,25,1801,36.695,3005,27.455,450,23.118
chen,umap,30,57,58.381,56,18.784,0,32.788
chen,pca,30,5,47.706,5,34.077,0,28.551
chen,isomap,30,33,50.496,269,16.501,4,16.339
chen,lle,30,31,1.720,266,18.636,3,27.635
chen,spectral,30,34,59.737,328,38.619,1,3.783
chen,mds,30,59,16.083,225,16.067,58,51.866
chen,fa,30,13,40.976,13,53.392,2,12.336
chen,fica,30,14,26.869,108,22.734,0,34.002
chen,nmf,30,21,52.002,21,46.213,0,31.742
chen,lda,30,25,7.244,73,21.310,163,25.742
chen,mctsne,30,11,13.079,58,59.264,0,57.876
chen,umap,35,58,0.359,56,50.550,0,29.746
chen,pca,35,5,31.685,5,22.057,0,24.861
chen,isomap,35,35,5.554,275,33.314,5,5.973
chen,lle,35,31,22.824,266,5.378,3,28.962
chen,spectral,35,34,39.307,327,16.252,1,9.213
chen,mds,35,76,29.783,243,13.401,88,9.125
chen,fa,35,14,59.382,15,13.903,2,19.184
chen,fica,35,15,24.366,117,16.064,0,48.732
chen,nmf,35,23,50.161,23,40.409,0,32.894
chen,lda,35,26,36.322,78,2.992,175,1.613
chen,mctsne,35,13,45.963,68,1.389,0,39.376
chen,umap,40,58,48.414,56,56.596,0,30.545
chen,pca,40,5,17.202,6,37.990,0,36.724
chen,isomap,40,33,30.564,268,17.278,4,22.194
chen,lle,40,31,21.617,268,28.514,3,53.911
chen,spectral,40,34,39.296,326,58.913,0,45.591
chen,mds,40,66,34.273,234,13.558,76,12.088
chen,fa,40,10,49.762,53,6.053,8,1.420
chen,fica,40,14,39.243,108,1.526,0,42.107
chen,nmf,40,25,15.028,28,6.999,1,3.717
chen,lda,40,27,33.213,82,45.983,182,35.936
chen,mctsne,40,14,19.499,68,51.448,0,39.949
chen,umap,45,57,25.105,56,14.641,0,29.885
chen,pca,45,5,17.749,6,39.010,0,32.215
chen,isomap,45,36,0.698,269,57.474,3,51.507
chen,lle,45,32,1.876,267,9.842,4,5.956
chen,spectral,45,34,47.340,328,1.063,0,47.148
chen,mds,45,73,42.737,245,4.726,92,17.822
chen,fa,45,11,41.618,59,9.857,9,47.944
chen,fica,45,14,31.929,108,50.050,0,57.605
chen,nmf,45,27,14.232,30,12.648,1,4.916
chen,lda,45,41,57.233,200,2.991,237,42.990
chen,mctsne,45,61,25.920,133,10.340,0,46.877
chen,umap,50,68,7.612,66,12.301,0,39.610
chen,pca,50,5,18.452,6,50.184,0,32.505
chen,isomap,50,33,33.202,268,55.083,3,57.803
chen,lle,50,30,44.893,266,7.669,3,16.774
chen,spectral,50,34,53.526,328,11.629,0,51.036
chen,mds,50,83,51.423,394,6.341,198,51.817
chen,fa,50,14,33.344,87,3.556,12,3.588
chen,fica,50,14,13.896,106,55.083,0,49.631
chen,nmf,50,13,40.473,92,18.965,13,39.886
chen,lda,50,41,39.088,198,8.555,234,39.997
chen,mctsne,50,3903,45.807,5237,17.866,72,30.371
chen,umap,60,59,25.504,57,7.925,0,30.135
chen,pca,60,5,21.996,7,0.354,0,31.603
chen,isomap,60,33,56.695,269,52.472,3,54.803
chen,lle,60,31,12.283,267,29.513,3,51.710
chen,spectral,60,34,52.076,326,53.699,0,47.257
chen,mds,60,72,27.626,397,29.525,167,47.920
chen,fa,60,13,50.975,81,7.111,9,57.695
chen,fica,60,14,34.254,107,18.723,1,0.106
chen,nmf,60,14,26.325,96,25.524,14,17.524
chen,lda,60,43,50.592,204,25.282,251,6.853
chen,mctsne,60,11,37.514,59,9.745,1,8.467
chen,umap,70,58,59.991,57,39.367,0,30.466
chen,pca,70,5,41.854,7,7.966,0,37.645
chen,isomap,70,33,51.820,269,45.117,3,55.725
chen,lle,70,30,59.151,267,18.788,3,30.792
chen,spectral,70,35,18.972,330,15.038,0,52.663
chen,mds,70,76,45.321,401,2.855,177,45.522
chen,fa,70,10,32.318,49,0.902,7,14.490
chen,fica,70,14,19.864,106,23.981,1,9.142
chen,nmf,70,15,9.277,105,5.550,14,40.311
chen,lda,70,43,6.148,193,41.814,250,4.657
chen,mctsne,70,12,42.491,72,3.270,0,40.921
chen,umap,80,75,50.433,74,37.859,0,46.131
chen,pca,80,5,20.166,7,12.581,0,31.643
chen,isomap,80,33,8.727,267,20.334,4,2.253
chen,lle,80,30,59.710,267,43.072,3,49.836
chen,spectral,80,35,24.246,329,37.679,0,46.568
chen,mds,80,72,9.320,416,55.400,165,33.685
chen,fa,80,14,59.407,91,54.542,12,11.992
chen,fica,80,14,17.611,108,22.232,1,5.994
chen,nmf,80,15,46.697,107,22.982,15,28.988
chen,lda,80,49,11.523,210,0.415,305,54.639
chen,mctsne,80,1054,35.577,1248,51.666,2,30.141
chen,umap,90,57,23.312,56,24.044,0,30.954
chen,pca,90,5,22.165,6,56.687,0,36.017
chen,isomap,90,33,30.899,269,1.388,4,18.282
chen,lle,90,31,56.319,284,5.326,3,31.342
chen,spectral,90,35,20.549,331,12.217,0,42.157
chen,mds,90,81,57.796,430,48.054,190,41.343
chen,fa,90,12,36.393,68,48.914,10,1.335
chen,fica,90,14,26.273,108,24.010,1,35.756
chen,nmf,90,17,4.332,115,5.270,16,2.688
chen,lda,90,53,58.849,244,32.064,330,24.066
chen,mctsne,90,11,18.160,59,16.339,1,11.256
chen,umap,100,58,7.101,57,20.024,0,31.974
chen,pca,100,5,27.423,7,17.081,0,35.797
chen,isomap,100,33,17.071,269,56.692,4,0.653
chen,lle,100,30,43.128,266,57.990,3,41.453
chen,spectral,100,35,57.627,330,38.494,0,44.986
chen,mds,100,73,45.926,437,10.384,160,14.361
chen,fa,100,13,58.215,81,23.013,9,49.286
chen,fica,100,15,0.035,111,2.532,1,52.636
chen,nmf,100,17,24.547,114,16.225,17,14.389
chen,lda,100,57,36.276,287,44.589,327,47.588
chen,mctsne,100,12,53.754,76,10.419,0,43.040
chen,umap,125,58,28.869,57,14.374,0,31.108
chen,pca,125,5,38.373,7,41.600,0,37.567
chen,isomap,125,33,43.063,269,28.811,4,28.453
chen,lle,125,32,29.837,267,16.936,4,24.975
chen,spectral,125,36,5.627,331,56.575,0,47.924
chen,mds,125,95,18.342,505,26.963,225,44.087
chen,fa,125,15,33.884,95,33.078,11,21.618
chen,fica,125,14,25.685,107,38.819,2,17.408
chen,nmf,125,19,43.678,126,24.859,19,35.143
chen,lda,125,67,10.554,347,31.938,379,44.754
chen,mctsne,125,11,18.575,59,11.042,1,8.319
chen,umap,150,58,40.276,58,43.408,0,30.754
chen,pca,150,5,25.894,7,24.811,0,33.915
chen,isomap,150,33,53.472,268,50.702,4,25.049
chen,lle,150,30,47.602,268,2.041,3,50.184
chen,spectral,150,36,49.138,334,51.381,0,48.594
chen,mds,150,89,56.098,495,12.101,214,51.655
chen,fa,150,14,47.004,92,14.618,10,12.365
chen,fica,150,14,47.840,107,34.258,2,29.291
chen,nmf,150,22,10.120,133,29.850,22,37.648
chen,lda,150,70,11.154,337,40.463,421,32.167
chen,umap,250,63,4.243,65,10.773,0,41.842
chen,pca,250,5,41.424,8,24.443,0,40.183
chen,isomap,250,33,50.807,270,8.994,5,4.901
chen,lle,250,31,9.118,267,15.560,5,7.956
chen,spectral,250,39,20.565,347,3.227,0,51.803
chen,mds,250,96,57.281,597,19.181,223,24.385
chen,fa,250,18,31.573,135,9.950,11,23.706
chen,fica,250,15,21.037,110,44.395,4,37.505
chen,nmf,250,34,25.118,194,36.331,20,56.064
chen,lda,250,99,32.697,476,40.503,616,5.213
chen,mctsne,250,11,15.467,59,3.216,1,3.817
chen,pca,175,10,38.722,12,7.517,2,17.047
chen,isomap,175,38,28.543,273,53.455,16,35.412
chen,lle,175,31,52.774,267,59.717,4,6.257
chen,spectral,175,37,33.718,338,10.186,0,56.221
macosko,umap,2,611,30.140,600,32.541,11,32.610
macosko,pca,2,23,21.140,22,3.724,1,31.562
macosko,isomap,2,298,32.763,2735,17.495,18,28.365
macosko,lle,2,279,36.811,2789,14.238,26,25.239
macosko,spectral,2,303,26.298,3148,24.372,15,25.266
macosko,mds,2,27,23.630,61,19.471,2,53.740
macosko,fa,2,32,6.465,30,27.783,2,59.634
macosko,fica,2,22,43.507,21,32.717,1,7.701
macosko,nmf,2,26,46.624,25,56.619,1,31.985
macosko,lda,2,48,39.001,50,6.509,19,6.154
macosko,mctsne,2,140,32.571,1315,18.104,5,49.920
macosko,umap,3,630,8.933,615,48.428,12,39.789
macosko,pca,3,23,53.039,22,45.136,1,21.711
macosko,isomap,3,299,51.675,2735,18.754,13,57.686
macosko,lle,3,278,37.413,2782,36.048,19,49.280
macosko,spectral,3,303,16.308,3136,39.796,13,7.507
macosko,fa,3,27,48.360,26,14.794,2,18.653
macosko,fica,3,22,30.638,21,15.081,1,14.517
macosko,nmf,3,28,35.513,27,36.942,1,40.769
macosko,lda,3,60,15.838,73,26.091,95,5.286
macosko,mctsne,3,144,47.615,1337,56.237,12,8.103
macosko,umap,4,626,15.865,614,34.192,12,7.925
macosko,pca,4,23,21.571,22,6.643,1,29.012
macosko,isomap,4,290,55.822,2722,27.973,5,41.916
macosko,lle,4,277,54.934,2794,10.572,17,56.429
macosko,spectral,4,301,26.164,3131,17.281,10,42.514
macosko,mds,4,27,19.509,61,40.499,2,36.515
macosko,fa,4,31,3.349,29,37.270,2,40.861
macosko,fica,4,22,18.791,21,5.066,1,12.624
macosko,nmf,4,38,46.211,37,40.854,1,46.089
macosko,lda,4,68,29.757,100,31.328,202,31.339
macosko,mctsne,4,148,19.531,1361,26.524,5,18.415
macosko,umap,5,688,12.188,675,22.118,13,22.643
macosko,pca,5,24,41.986,23,22.317,1,34.297
macosko,isomap,5,297,50.661,2722,50.838,18,30.962
macosko,lle,5,277,44.283,2800,46.111,15,5.478
macosko,spectral,5,301,45.203,3121,34.663,17,15.307
macosko,fa,5,31,59.816,30,26.067,2,45.199
macosko,fica,5,23,56.993,22,48.383,1,7.159
macosko,nmf,5,31,37.394,30,30.700,1,46.336
macosko,lda,5,70,2.471,116,28.036,290,32.466
macosko,mctsne,5,158,35.751,1403,4.121,6,46.559
macosko,umap,8,664,43.997,651,37.528,13,40.513
macosko,pca,8,24,2.072,21,51.820,1,27.551
macosko,isomap,8,299,39.057,2724,2.279,20,22.635
macosko,lle,8,278,28.821,2783,14.900,24,34.338
macosko,spectral,8,302,27.004,3131,6.101,14,17.940
macosko,mds,8,28,3.185,62,49.870,3,15.278
macosko,fa,8,34,39.412,33,4.108,3,3.829
macosko,fica,8,22,31.824,21,13.375,1,14.742
macosko,nmf,8,39,19.014,38,10.624,1,50.816
macosko,lda,8,60,52.152,121,27.690,341,18.284
macosko,mctsne,8,379,59.605,3059,31.125,81,43.338
macosko,umap,10,638,44.976,625,58.572,13,15.195
macosko,pca,10,24,6.625,22,22.126,1,38.354
macosko,isomap,10,290,51.248,2719,49.877,8,29.361
macosko,lle,10,355,26.860,3699,25.839,65,50.635
macosko,spectral,10,301,31.906,3129,6.878,10,53.476
macosko,fa,10,34,34.639,32,50.735,3,7.572
macosko,fica,10,22,6.814,20,54.857,1,11.341
macosko,nmf,10,38,2.802,36,37.724,1,53.859
macosko,lda,10,61,10.996,120,14.649,341,43.505
macosko,mctsne,10,1505,36.156,12785,56.126,383,45.217
macosko,umap,15,709,41.410,696,9.315,14,25.986
macosko,pca,15,27,14.905,22,34.447,1,31.500
macosko,isomap,15,299,24.590,2733,23.192,14,37.357
macosko,lle,15,349,35.751,3704,39.944,49,3.136
macosko,spectral,15,300,50.303,3131,42.311,11,15.253
macosko,mds,15,27,47.596,61,43.231,3,2.005
macosko,fa,15,35,2.997,33,35.128,2,52.946
macosko,fica,15,22,42.192,21,28.850,1,12.806
macosko,nmf,15,57,39.416,56,28.480,1,53.370
macosko,lda,15,62,51.775,131,19.232,366,32.352
macosko,mctsne,15,137,54.880,1301,49.815,13,31.959
macosko,umap,25,453,47.080,447,53.464,6,59.699
macosko,pca,25,24,40.190,22,52.392,1,40.999
macosko,isomap,25,299,7.586,2719,8.083,15,30.735
macosko,lle,25,353,39.614,3685,51.755,66,50.420
macosko,spectral,25,301,52.116,3130,7.632,11,10.311
macosko,fa,25,50,29.520,48,58.873,4,7.681
macosko,fica,25,21,49.594,20,47.245,1,1.993
macosko,nmf,25,70,32.460,69,15.639,2,0.633
macosko,lda,25,70,0.927,162,56.136,412,20.875
macosko,mctsne,25,196,50.939,1356,36.309,8,25.309
macosko,umap,30,624,7.539,612,24.980,12,5.506
macosko,pca,30,24,3.134,22,43.193,1,33.432
macosko,isomap,30,299,19.922,2735,48.314,13,52.511
macosko,lle,30,385,52.791,4133,30.986,65,46.825
macosko,spectral,30,299,53.830,3131,21.614,12,48.489
macosko,mds,30,29,0.530,62,38.625,3,3.964
macosko,fa,30,68,13.777,66,46.360,5,49.475
macosko,fica,30,22,41.729,21,23.708,1,17.487
macosko,nmf,30,71,54.867,70,32.489,2,7.025
macosko,lda,30,70,6.731,165,14.712,412,10.384
macosko,mctsne,30,137,32.802,1300,25.168,12,40.945
macosko,umap,35,679,53.207,666,45.853,13,33.248
macosko,pca,35,24,3.573,22,43.090,1,31.206
macosko,isomap,35,300,15.155,2729,36.542,19,6.478
macosko,lle,35,364,20.036,3801,13.812,87,9.958
macosko,spectral,35,301,44.883,3134,49.794,11,50.847
macosko,fa,35,54,6.428,52,37.989,4,22.021
macosko,fica,35,23,1.660,21,37.412,1,5.699
macosko,nmf,35,81,35.445,79,51.117,2,29.375
macosko,lda,35,73,44.592,181,12.607,437,1.133
macosko,mctsne,35,147,51.792,1330,22.996,5,18.607
macosko,umap,40,628,17.093,616,29.828,12,47.520
macosko,pca,40,24,26.264,27,21.555,3,1.143
macosko,isomap,40,291,1.386,2717,7.209,6,0.879
macosko,lle,40,384,57.377,4008,30.602,111,37.387
macosko,spectral,40,300,55.956,3124,55.225,15,6.416
macosko,fa,40,40,53.621,168,31.360,28,17.735
macosko,fica,40,23,53.456,22,25.311,1,27.412
macosko,nmf,40,89,39.378,97,3.902,5,30.658
macosko,lda,40,75,33.334,190,31.558,455,26.801
macosko,mctsne,40,151,21.534,1332,10.284,15,2.655
macosko,umap,45,673,14.464,653,30.486,14,8.195
macosko,pca,45,23,38.971,26,4.709,2,33.819
macosko,isomap,45,298,4.633,2725,42.381,11,56.745
macosko,lle,45,367,26.924,3694,46.433,83,38.887
macosko,spectral,45,302,30.528,3136,16.802,5,44.694
macosko,fa,45,37,9.730,143,7.624,20,41.893
macosko,fica,45,22,35.446,21,15.863,1,16.989
macosko,nmf,45,91,4.569,99,14.367,4,17.990
macosko,lda,45,97,14.430,351,11.398,544,31.388
macosko,mctsne,45,153,48.785,1344,39.201,11,35.332
macosko,umap,50,684,37.867,667,7.780,14,16.528
macosko,pca,50,23,39.899,27,37.555,2,32.711
macosko,isomap,50,292,40.344,2716,44.102,9,3.519
macosko,lle,50,353,6.346,3678,57.090,68,11.667
macosko,spectral,50,301,2.437,3125,13.014,15,14.831
macosko,mds,50,27,47.133,62,0.028,3,8.681
macosko,fa,50,37,52.862,148,10.079,28,10.210
macosko,fica,50,22,16.920,21,7.929,1,8.802
macosko,nmf,50,50,25.642,312,23.389,34,19.797
macosko,lda,50,90,56.306,307,30.861,511,3.387
macosko,mctsne,50,165,35.920,1354,27.677,4,52.863
macosko,umap,60,725,40.197,712,45.744,14,19.708
macosko,pca,60,23,6.032,27,25.778,2,12.327
macosko,isomap,60,296,43.131,2722,47.426,11,5.436
macosko,lle,60,375,22.551,3896,51.696,100,49.759
macosko,spectral,60,301,38.629,3135,8.710,12,3.345
macosko,fa,60,48,1.320,236,44.502,34,40.767
macosko,fica,60,23,16.428,21,57.727,1,13.754
macosko,nmf,60,54,9.797,351,49.216,40,43.515
macosko,lda,60,97,9.091,341,7.729,554,35.737
macosko,mctsne,60,136,41.563,1300,42.091,6,1.493
macosko,umap,70,629,28.094,618,29.327,12,26.135
macosko,pca,70,24,21.664,28,26.706,2,27.962
macosko,isomap,70,292,37.234,2727,42.856,6,52.754
macosko,lle,70,352,10.008,3693,23.566,64,33.181
macosko,spectral,70,301,5.890,3129,55.552,10,23.651
macosko,mds,70,29,41.045,62,30.917,3,28.841
macosko,fa,70,43,57.497,207,22.287,26,9.634
macosko,fica,70,22,58.471,21,44.777,1,9.800
macosko,nmf,70,57,17.193,388,11.869,31,18.668
macosko,lda,70,97,35.853,325,40.032,569,15.361
macosko,mctsne,70,145,12.983,1348,21.344,5,15.715
macosko,umap,80,633,13.695,622,27.054,12,32.160
macosko,pca,80,24,32.820,28,58.179,2,33.719
macosko,isomap,80,299,43.439,2725,33.586,19,3.254
macosko,lle,80,351,37.129,3695,25.857,63,7.422
macosko,spectral,80,300,19.179,3128,18.338,8,35.042
macosko,fa,80,45,31.503,210,56.239,30,45.300
macosko,fica,80,22,7.994,20,49.354,1,18.005
macosko,nmf,80,55,3.243,334,29.793,47,28.087
macosko,lda,80,111,13.855,380,49.315,644,21.028
macosko,mctsne,80,3549,7.223,5198,28.756,39,15.199
macosko,umap,90,654,20.525,643,57.202,13,6.526
macosko,pca,90,23,47.863,28,7.166,2,10.389
macosko,isomap,90,299,22.218,2724,43.010,12,49.345
macosko,lle,90,354,11.559,3731,4.410,66,57.250
macosko,spectral,90,301,0.365,3135,32.272,5,23.837
macosko,fa,90,44,24.175,213,49.230,28,31.086
macosko,fica,90,22,19.223,21,2.400,1,10.802
macosko,nmf,90,58,31.751,376,8.476,41,42.859
macosko,lda,90,115,26.887,427,49.791,679,11.918
macosko,mctsne,90,136,18.171,1299,50.655,5,53.485
macosko,umap,100,687,52.193,676,35.958,14,1.834
macosko,pca,100,25,11.590,28,18.893,2,33.790
macosko,isomap,100,298,25.536,2725,12.684,12,23.511
macosko,lle,100,358,56.064,3730,37.573,74,35.247
macosko,spectral,100,300,50.151,3135,47.114,12,49.285
macosko,fa,100,50,26.124,250,41.176,42,32.616
macosko,fica,100,23,16.510,21,53.053,1,22.983
macosko,nmf,100,58,55.459,347,47.280,47,56.137
macosko,lda,100,120,22.675,444,31.391,724,42.101
macosko,mctsne,100,146,58.661,1366,36.695,5,33.235
macosko,umap,125,720,52.260,709,3.135,13,58.306
macosko,pca,125,23,34.394,29,12.770,2,23.819
macosko,isomap,125,291,1.093,2727,39.622,9,13.376
macosko,lle,125,350,25.493,3694,36.276,60,45.732
macosko,spectral,125,309,51.466,3137,2.047,19,35.886
macosko,mds,125,27,52.546,62,17.600,2,47.780
macosko,fa,125,46,49.915,246,54.860,23,17.278
macosko,fica,125,22,18.539,21,2.324,1,15.469
macosko,nmf,125,63,8.543,387,20.132,47,24.920
macosko,lda,125,129,35.165,490,48.641,776,16.658
macosko,mctsne,125,138,41.160,1304,16.743,15,24.661
macosko,umap,150,645,26.862,637,58.663,12,3.376
macosko,pca,150,23,18.697,28,42.061,2,12.908
macosko,isomap,150,290,2.999,2707,52.284,5,19.692
macosko,lle,150,353,10.850,3724,8.391,64,33.754
macosko,spectral,150,300,53.330,3128,36.564,12,2.434
macosko,fa,150,56,44.028,333,36.299,39,18.302
macosko,fica,150,22,36.837,21,21.793,1,14.574
macosko,nmf,150,68,26.898,421,19.137,46,35.234
macosko,lda,150,138,33.556,547,18.267,828,52.816
macosko,mctsne,150,11209,5.751,12110,41.492,1153,28.801
macosko,umap,250,474,16.394,477,6.127,7,36.782
macosko,pca,250,23,3.684,30,56.332,2,6.993
macosko,isomap,250,297,48.896,2723,7.830,12,7.640
macosko,lle,250,364,28.980,3842,32.400,85,18.813
macosko,spectral,250,301,56.331,3137,53.129,9,39.003
macosko,fa,250,56,31.617,353,30.501,25,22.927
macosko,fica,250,22,4.569,21,3.908,1,0.369
macosko,nmf,250,90,58.990,557,3.368,45,35.150
marques,umap,2,9,13.076,8,44.909,0,8.012
marques,pca,2,1,56.486,1,53.923,0,17.298
marques,isomap,2,3,17.654,10,8.694,0,18.829
marques,lle,2,3,43.307,10,16.839,0,10.131
marques,spectral,2,3,47.302,20,27.626,0,12.687
marques,mds,2,8,40.478,29,49.621,19,2.859
marques,fa,2,2,31.824,2,35.312,0,55.380
marques,fica,2,2,28.644,8,25.790,0,9.860
marques,nmf,2,3,41.195,3,41.376,0,18.871
marques,lda,2,8,2.923,10,51.238,18,20.267
marques,mctsne,2,2,37.608,6,35.371,0,9.532
marques,umap,3,9,31.826,8,50.608,0,9.459
marques,pca,3,1,54.943,1,52.174,0,17.464
marques,isomap,3,3,20.761,10,15.509,0,21.683
marques,lle,3,3,24.662,10,13.481,0,10.211
marques,spectral,3,3,48.147,20,18.898,0,12.849
marques,mds,3,8,47.767,30,16.984,18,53.784
marques,fa,3,3,24.594,3,38.081,1,57.525
marques,fica,3,2,32.977,8,47.289,0,11.540
marques,nmf,3,3,48.186,3,48.188,0,19.147
marques,lda,3,7,46.592,16,46.105,48,24.118
marques,mctsne,3,2,52.638,7,16.387,0,12.172
marques,umap,4,9,9.439,8,50.552,0,8.121
marques,pca,4,1,58.334,1,55.586,0,17.494
marques,isomap,4,3,21.458,10,20.423,0,25.957
marques,lle,4,3,23.082,10,20.994,0,10.465
marques,spectral,4,3,48.070,20,31.546,0,14.281
marques,mds,4,8,51.645,30,28.902,19,9.737
marques,fa,4,3,25.618,3,38.380,1,51.237
marques,fica,4,2,30.033,8,33.818,0,9.561
marques,nmf,4,3,55.375,3,55.532,0,18.887
marques,lda,4,7,45.170,19,28.753,50,10.422
marques,mctsne,4,3,19.160,8,26.872,0,15.356
marques,umap,5,9,18.111,8,52.651,0,8.267
marques,pca,5,1,53.698,1,50.711,0,17.361
marques,isomap,5,3,30.205,10,16.755,0,24.137
marques,lle,5,3,27.005,10,19.744,0,10.417
marques,spectral,5,3,54.658,20,22.959,0,11.981
marques,mds,5,8,48.901,30,24.647,19,4.909
marques,fa,5,2,25.846,2,27.199,0,44.226
marques,fica,5,2,34.670,8,56.046,0,11.482
marques,nmf,5,4,9.674,4,9.365,0,19.157
marques,lda,5,7,42.334,20,47.410,50,35.241
marques,mctsne,5,4,18.885,11,27.536,0,26.976
marques,umap,8,9,40.058,9,19.562,0,9.045
marques,pca,8,1,57.357,1,53.241,0,18.706
marques,isomap,8,3,22.772,10,29.248,0,29.661
marques,lle,8,3,39.762,10,15.162,0,10.699
marques,spectral,8,3,57.259,20,35.920,0,12.458
marques,mds,8,9,3.969,30,24.936,19,1.479
marques,fa,8,2,33.995,2,37.474,0,49.862
marques,fica,8,2,31.200,8,25.918,0,12.426
marques,nmf,8,4,26.489,4,27.038,0,19.408
marques,lda,8,8,26.851,27,5.372,53,14.307
marques,mctsne,8,21,26.878,61,30.011,4,37.444
marques,umap,10,9,12.722,8,49.597,0,8.159
marques,pca,10,1,53.116,1,50.257,0,17.436
marques,isomap,10,3,24.542,11,37.493,0,24.306
marques,lle,10,3,28.377,11,44.002,0,22.330
marques,spectral,10,3,49.086,20,27.570,0,13.444
marques,mds,10,8,58.132,31,5.783,19,10.804
marques,fa,10,3,20.031,3,30.132,1,29.325
marques,fica,10,2,34.937,8,58.190,0,11.075
marques,nmf,10,5,13.874,5,10.769,0,20.226
marques,lda,10,8,7.719,23,55.405,52,17.761
marques,mctsne,10,81,16.130,389,54.806,24,3.310
marques,umap,15,9,20.387,9,0.467,0,8.897
marques,pca,15,1,53.821,1,50.915,0,17.492
marques,isomap,15,3,35.581,11,45.496,0,24.631
marques,lle,15,3,40.158,11,50.794,0,24.575
marques,spectral,15,3,46.911,20,23.425,0,13.440
marques,mds,15,9,3.951,31,23.338,18,38.897
marques,fa,15,4,9.780,4,28.130,1,56.432
marques,fica,15,2,31.749,8,45.697,0,13.189
marques,nmf,15,5,37.934,5,34.359,0,19.353
marques,lda,15,8,56.202,26,24.571,59,30.568
marques,mctsne,15,2735,14.665,12229,11.505,894,59.098
marques,umap,25,9,22.511,8,50.812,0,8.008
marques,pca,25,1,54.720,1,52.217,0,17.372
marques,isomap,25,3,29.688,11,46.943,0,27.358
marques,lle,25,3,29.456,11,50.576,0,25.300
marques,spectral,25,3,51.845,20,40.119,0,14.455
marques,mds,25,9,15.700,32,56.006,19,9.696
marques,fa,25,5,16.385,5,49.198,2,18.540
marques,fica,25,2,29.381,8,28.966,0,13.486
marques,nmf,25,7,1.866,7,1.592,0,19.677
marques,lda,25,10,39.104,38,4.790,66,22.636
marques,mctsne,25,771,24.016,1320,52.331,330,14.336
marques,umap,30,9,25.760,9,7.219,0,8.177
marques,pca,30,1,54.875,1,52.469,0,17.171
marques,isomap,30,3,48.722,11,42.813,0,25.130
marques,lle,30,3,30.092,11,51.907,0,23.805
marques,spectral,30,3,47.675,20,22.992,0,13.284
marques,mds,30,9,25.684,33,48.688,19,19.046
marques,fa,30,5,42.669,6,14.427,2,31.705
marques,fica,30,2,33.982,8,55.909,0,13.466
marques,nmf,30,7,39.768,7,39.616,0,19.993
marques,lda,30,10,48.440,36,40.239,69,57.314
marques,mctsne,30,3,12.227,4,59.997,0,42.456
marques,umap,35,9,27.069,9,9.687,0,8.451
marques,pca,35,2,0.680,1,56.731,0,17.450
marques,isomap,35,3,27.494,11,43.234,0,27.958
marques,lle,35,3,29.873,11,48.502,0,24.984
marques,spectral,35,3,47.303,20,28.960,0,13.439
marques,mds,35,9,25.969,33,49.284,19,5.722
marques,fa,35,5,0.584,5,22.589,1,53.401
marques,fica,35,2,32.298,8,14.968,0,12.468
marques,nmf,35,8,26.676,8,27.284,0,19.472
marques,lda,35,11,48.388,39,57.330,77,16.117
marques,mctsne,35,3,18.464,7,43.676,0,11.047
marques,umap,40,9,35.175,9,15.884,0,8.419
marques,pca,40,1,56.042,2,27.642,0,13.683
marques,isomap,40,3,29.774,11,44.667,0,28.226
marques,lle,40,3,29.044,11,57.153,0,25.615
marques,spectral,40,3,58.935,20,45.215,0,12.505
marques,mds,40,9,34.518,34,30.735,19,22.615
marques,fa,40,3,32.713,15,31.211,3,23.530
marques,fica,40,2,33.269,8,48.487,0,14.622
marques,nmf,40,8,56.490,10,2.680,0,24.938
marques,lda,40,12,23.966,43,37.740,81,25.145
marques,mctsne,40,3,1.847,7,50.998,0,9.907
marques,umap,45,9,38.781,9,18.478,0,9.957
marques,pca,45,1,53.708,2,24.898,0,18.179
marques,isomap,45,3,35.654,11,46.300,0,26.903
marques,lle,45,3,40.650,11,49.082,0,25.677
marques,spectral,45,3,52.284,20,32.808,0,12.920
marques,mds,45,9,39.514,34,57.151,19,1.168
marques,fa,45,3,35.883,15,40.974,3,36.032
marques,fica,45,2,30.459,8,22.386,0,17.694
marques,nmf,45,9,40.463,10,49.722,0,26.797
marques,lda,45,21,30.596,113,12.828,120,11.546
marques,mctsne,45,3,38.910,8,23.433,0,9.861
marques,umap,50,9,55.676,9,18.522,0,8.761
marques,pca,50,1,52.909,2,29.571,0,15.199
marques,isomap,50,3,45.084,11,41.046,0,27.310
marques,lle,50,3,28.386,11,52.975,0,25.553
marques,spectral,50,3,55.364,20,44.579,0,12.090
marques,mds,50,11,7.716,53,3.118,40,39.165
marques,fa,50,4,21.776,22,38.743,4,41.245
marques,fica,50,2,32.111,8,44.850,0,25.237
marques,nmf,50,5,9.282,34,38.209,7,1.561
marques,lda,50,19,50.989,107,2.129,106,43.616
marques,mctsne,50,1376,25.837,1829,48.280,12,16.580
marques,umap,60,9,58.110,9,30.616,0,8.742
marques,pca,60,2,21.343,2,31.872,0,13.975
marques,isomap,60,3,37.677,11,42.515,0,26.045
marques,lle,60,3,58.925,11,53.527,0,24.553
marques,spectral,60,3,53.117,20,46.441,0,13.609
marques,mds,60,11,10.145,54,39.374,40,27.211
marques,fa,60,5,47.311,35,26.612,6,4.198
marques,fica,60,2,32.301,8,56.953,0,29.334
marques,nmf,60,5,28.127,37,20.861,6,33.059
marques,lda,60,21,51.095,113,7.933,123,11.700
marques,mctsne,60,3,0.176,4,54.799,0,42.656
marques,umap,70,10,12.858,9,54.095,0,9.040
marques,pca,70,1,57.453,2,31.316,0,18.229
marques,isomap,70,3,24.772,11,43.800,0,26.158
marques,lle,70,4,14.203,11,54.665,0,24.225
marques,spectral,70,3,51.882,20,39.984,0,13.888
marques,mds,70,11,10.358,55,9.302,40,24.962
marques,fa,70,5,34.152,32,57.614,6,27.461
marques,fica,70,2,34.003,8,41.639,0,32.985
marques,nmf,70,6,2.352,40,17.307,6,55.828
marques,lda,70,21,14.717,105,20.218,122,53.244
marques,mctsne,70,2,47.797,8,50.989,0,10.831
marques,umap,80,10,14.531,9,46.024,0,10.825
marques,pca,80,1,57.362,2,36.720,0,14.475
marques,isomap,80,3,32.939,11,46.053,0,27.307
marques,lle,80,3,29.783,11,52.612,0,25.200
marques,spectral,80,3,58.225,20,40.865,0,12.411
marques,mds,80,11,11.305,56,35.961,41,16.925
marques,fa,80,5,7.016,29,5.185,5,4.946
marques,fica,80,2,33.298,8,42.987,0,45.443
marques,nmf,80,6,13.012,40,20.795,8,13.112
marques,lda,80,25,36.169,120,50.896,157,1.402
marques,mctsne,80,371,31.629,420,40.893,1,23.278
marques,umap,90,10,5.915,9,51.780,0,8.692
marques,pca,90,1,58.275,2,35.411,0,15.750
marques,isomap,90,3,31.962,11,45.635,0,27.463
marques,lle,90,3,34.558,11,55.315,0,28.926
marques,spectral,90,3,57.076,20,46.411,0,13.440
marques,mds,90,11,10.915,57,17.112,41,22.887
marques,fa,90,5,11.898,30,30.306,5,37.396
marques,fica,90,2,34.999,9,5.166,0,43.504
marques,nmf,90,7,15.156,43,37.378,10,28.408
marques,lda,90,28,40.485,148,6.483,167,16.988
marques,mctsne,90,3,3.034,4,54.929,0,39.575
marques,umap,100,10,15.377,10,1.770,0,8.913
marques,pca,100,2,0.011,2,44.675,0,15.106
marques,isomap,100,3,32.719,11,48.365,0,29.687
marques,lle,100,3,31.352,11,47.546,0,27.210
marques,spectral,100,4,3.119,20,48.615,0,14.665
marques,mds,100,11,17.411,58,18.485,41,20.534
marques,fa,100,4,37.353,26,24.431,4,26.772
marques,fica,100,2,37.969,9,33.638,0,55.510
marques,nmf,100,7,16.119,45,48.953,9,5.407
marques,lda,100,31,12.703,174,4.328,170,22.618
marques,mctsne,100,4,18.126,11,23.749,0,13.885
marques,umap,125,10,48.405,10,36.136,0,10.366
marques,pca,125,1,51.893,2,43.042,0,16.888
marques,isomap,125,3,27.778,11,45.386,0,27.009
marques,lle,125,3,42.294,11,50.961,0,26.224
marques,spectral,125,4,1.460,21,6.967,0,13.666
marques,mds,125,11,30.122,61,33.227,42,20.697
marques,fa,125,6,24.066,42,46.471,6,52.211
marques,fica,125,2,41.414,9,38.870,1,19.185
marques,nmf,125,8,42.840,49,5.454,12,35.903
marques,lda,125,33,52.659,183,20.895,189,24.641
marques,mctsne,125,3,6.440,4,55.128,0,42.405
marques,lle,150,4,11.929,12,8.719,1,11.168
marques,pca,150,2,12.459,3,0.531,0,45.533
marques,umap,150,12,25.062,15,4.853,0,10.258
marques,isomap,150,4,18.928,12,47.041,1,21.323
marques,spectral,150,6,15.339,41,37.129,0,18.936
marques,mds,150,12,24.223,65,4.658,42,42.578
marques,fa,150,8,22.396,45,42.891,22,4.266
marques,fica,150,3,46.340,19,2.011,1,33.738
marques,nmf,150,12,9.705,50,49.851,32,27.348
marques,lda,150,49,22.563,201,57.446,290,25.444
shekhar,umap,2,73,23.290,70,20.323,0,35.849
shekhar,pca,2,6,9.040,5,56.855,0,26.800
shekhar,isomap,2,64,37.773,475,10.127,1,43.089
shekhar,lle,2,51,6.751,471,26.085,0,41.876
shekhar,spectral,2,69,3.008,596,44.119,1,2.660
shekhar,mds,2,8,11.366,17,27.480,1,47.825
shekhar,fa,2,7,39.748,7,27.860,0,56.411
shekhar,fica,2,14,7.683,94,17.492,0,32.530
shekhar,nmf,2,10,7.302,10,1.793,0,30.918
shekhar,lda,2,20,39.566,20,23.800,0,28.369
shekhar,mctsne,2,33,38.056,292,57.646,1,22.191
shekhar,umap,3,77,11.416,71,52.176,0,34.572
shekhar,pca,3,6,46.052,6,25.724,0,35.053
shekhar,isomap,3,66,35.703,478,28.702,1,49.817
shekhar,lle,3,49,46.325,466,22.484,0,44.422
shekhar,spectral,3,68,33.636,595,32.307,0,53.149
shekhar,mds,3,8,22.406,18,6.615,1,38.476
shekhar,fa,3,13,53.433,13,57.778,3,35.132
shekhar,fica,3,14,13.320,94,0.477,0,42.122
shekhar,nmf,3,10,56.187,10,35.728,0,45.657
shekhar,lda,3,23,57.339,23,45.690,1,8.270
shekhar,mctsne,3,35,8.485,301,8.009,1,25.756
shekhar,umap,4,71,17.951,69,25.436,0,35.778
shekhar,pca,4,6,11.975,5,59.575,0,27.065
shekhar,isomap,4,62,25.581,476,19.047,1,59.618
shekhar,lle,4,50,0.168,467,40.777,0,41.066
shekhar,spectral,4,69,7.704,595,46.554,0,58.301
shekhar,mds,4,7,50.894,17,0.212,1,23.225
shekhar,fa,4,11,13.809,11,13.734,2,23.995
shekhar,fica,4,14,16.741,93,25.909,0,36.624
shekhar,nmf,4,12,48.485,12,42.156,0,31.557
shekhar,lda,4,25,11.985,25,30.703,3,45.149
shekhar,mctsne,4,39,28.293,321,3.988,1,54.710
shekhar,umap,5,95,13.089,92,45.771,0,44.206
shekhar,pca,5,6,13.492,6,1.764,0,26.328
shekhar,isomap,5,65,0.319,475,26.964,2,5.017
shekhar,lle,5,49,55.884,466,52.895,0,46.181
shekhar,spectral,5,69,0.777,595,13.387,0,57.038
shekhar,mds,5,8,3.016,17,20.102,1,35.370
shekhar,fa,5,11,12.123,11,6.831,2,17.870
shekhar,fica,5,13,38.075,92,30.602,0,32.818
shekhar,nmf,5,13,25.808,13,19.336,0,31.534
shekhar,lda,5,27,9.740,29,30.836,15,16.434
shekhar,mctsne,5,47,6.631,363,44.783,3,0.473
shekhar,umap,8,72,36.078,69,50.869,0,34.223
shekhar,pca,8,6,22.813,6,4.486,0,26.830
shekhar,isomap,8,63,52.024,478,58.176,2,19.263
shekhar,lle,8,51,0.449,466,34.181,0,40.789
shekhar,spectral,8,69,23.874,596,20.173,0,55.928
shekhar,fa,8,9,18.557,9,12.916,1,25.387
shekhar,fica,8,14,1.021,92,10.146,0,38.813
shekhar,nmf,8,14,36.351,14,30.683,0,31.660
shekhar,lda,8,30,6.002,50,2.095,96,7.369
shekhar,mctsne,8,146,22.026,1009,10.429,26,20.582
shekhar,umap,10,124,18.259,121,17.459,1,11.655
shekhar,pca,10,6,24.640,6,4.555,0,27.502
shekhar,isomap,10,86,8.288,712,51.288,16,2.913
shekhar,lle,10,71,52.491,696,40.383,10,54.075
shekhar,spectral,10,69,31.854,595,56.650,1,2.438
shekhar,mds,10,8,16.429,17,49.080,1,39.270
shekhar,fa,10,8,47.035,8,33.796,1,7.819
shekhar,fica,10,13,45.704,93,17.423,0,31.533
shekhar,nmf,10,15,22.790,15,17.480,0,31.178
shekhar,lda,10,31,29.473,63,48.532,160,22.238
shekhar,mctsne,10,700,4.527,5326,48.991,210,43.809
shekhar,umap,15,77,34.028,71,12.695,0,39.092
shekhar,pca,15,6,8.790,5,56.440,0,26.333
shekhar,isomap,15,105,52.025,884,59.808,49,17.133
shekhar,lle,15,72,48.337,701,52.490,14,25.811
shekhar,spectral,15,69,25.697,599,54.136,0,51.378
shekhar,mds,15,8,22.328,17,33.275,1,39.274
shekhar,fa,15,8,42.569,8,34.377,1,1.759
shekhar,fica,15,13,51.460,93,18.283,0,33.271
shekhar,nmf,15,17,21.255,17,15.043,0,32.173
shekhar,lda,15,31,11.867,79,59.745,221,43.437
shekhar,mctsne,15,32,47.864,283,44.596,1,54.568
shekhar,umap,25,72,52.832,71,12.302,0,32.867
shekhar,pca,25,6,40.346,6,26.089,0,27.238
shekhar,isomap,25,84,32.260,713,21.841,18,59.223
shekhar,lle,25,69,9.767,696,3.344,12,17.967
shekhar,spectral,25,69,24.168,601,18.482,0,57.081
shekhar,mds,25,8,11.488,17,53.598,1,43.450
shekhar,fa,25,9,42.511,9,34.232,1,8.679
shekhar,fica,25,14,1.041,93,48.043,0,39.532
shekhar,nmf,25,21,48.250,21,40.030,0,33.384
shekhar,lda,25,33,43.298,98,41.641,231,36.528
shekhar,mctsne,25,279,22.445,522,2.271,10,51.971
shekhar,umap,30,73,10.677,71,50.678,0,35.265
shekhar,pca,30,6,27.823,6,15.893,0,26.895
shekhar,isomap,30,100,55.355,882,45.205,49,1.128
shekhar,lle,30,70,36.949,697,7.034,12,2.794
shekhar,spectral,30,69,36.579,598,14.139,1,2.276
shekhar,mds,30,8,19.682,17,16.874,1,34.740
shekhar,fa,30,11,35.312,11,15.397,1,33.418
shekhar,fica,30,14,2.222,94,28.108,0,47.044
shekhar,nmf,30,23,36.286,23,29.509,0,33.306
shekhar,lda,30,34,57.257,101,40.760,244,32.377
shekhar,mctsne,30,32,18.460,283,22.808,1,39.715
shekhar,umap,35,72,58.414,71,40.240,0,35.742
shekhar,pca,35,6,45.977,6,33.852,0,27.210
shekhar,isomap,35,101,1.306,880,3.745,48,43.265
shekhar,lle,35,69,46.128,699,4.977,12,46.786
shekhar,spectral,35,69,19.248,596,29.909,0,53.641
shekhar,fa,35,9,53.379,9,47.527,1,2.541
shekhar,fica,35,14,6.648,93,21.748,0,54.393
shekhar,nmf,35,25,49.443,25,42.811,0,33.905
shekhar,lda,35,36,3.830,106,21.186,251,26.972
shekhar,mctsne,35,39,44.828,302,19.579,1,19.029
shekhar,umap,40,75,52.709,72,27.669,0,37.390
shekhar,pca,40,6,25.947,7,53.562,0,40.704
shekhar,isomap,40,83,21.953,704,21.090,15,56.554
shekhar,lle,40,69,43.082,693,26.843,13,32.488
shekhar,spectral,40,68,50.893,595,19.758,1,0.729
shekhar,mds,40,8,20.704,17,38.164,1,34.724
shekhar,fa,40,8,20.744,24,18.144,3,13.887
shekhar,fica,40,14,0.623,93,27.186,1,0.771
shekhar,nmf,40,27,43.886,30,35.987,1,13.707
shekhar,lda,40,38,10.840,112,0.263,267,16.773
shekhar,mctsne,40,40,4.800,303,39.748,1,12.087
shekhar,umap,45,75,17.311,72,4.192,0,35.241
shekhar,pca,45,6,9.272,7,35.572,0,42.120
shekhar,isomap,45,86,43.599,746,21.249,19,50.647
shekhar,lle,45,69,51.147,699,22.843,13,7.266
shekhar,spectral,45,69,42.823,600,20.989,0,59.441
shekhar,mds,45,8,19.859,18,0.127,1,41.326
shekhar,fa,45,8,21.167,24,17.844,3,22.968
shekhar,fica,45,14,16.270,93,31.905,1,18.000
shekhar,nmf,45,29,56.246,32,58.404,1,18.838
shekhar,lda,45,51,47.756,223,51.337,322,19.003
shekhar,mctsne,45,41,17.751,307,9.434,1,24.420
shekhar,umap,50,94,6.872,92,59.002,0,43.571
shekhar,pca,50,6,13.875,7,54.073,0,36.938
shekhar,isomap,50,99,38.920,869,52.148,41,39.163
shekhar,lle,50,69,51.511,700,0.002,13,36.457
shekhar,spectral,50,69,26.220,600,16.336,1,1.363
shekhar,mds,50,8,25.304,18,4.213,1,56.168
shekhar,fa,50,8,0.779,24,29.403,2,52.201
shekhar,fica,50,14,7.474,95,32.415,1,10.740
shekhar,nmf,50,14,51.455,95,41.977,15,59.631
shekhar,lda,50,50,43.697,223,3.700,311,55.623
shekhar,mctsne,50,48,48.284,317,15.485,1,35.829
shekhar,umap,60,73,46.974,72,36.975,0,34.939
shekhar,pca,60,6,13.038,7,53.332,0,39.492
shekhar,isomap,60,84,3.810,713,58.580,15,39.489
shekhar,lle,60,69,36.058,697,16.910,11,57.406
shekhar,spectral,60,68,51.570,598,4.664,0,52.994
shekhar,mds,60,8,16.122,17,43.315,1,42.056
shekhar,fa,60,9,17.540,32,57.601,3,46.628
shekhar,fica,60,13,47.101,93,27.070,1,16.147
shekhar,nmf,60,16,18.610,109,11.161,15,20.729
shekhar,lda,60,54,12.883,229,24.868,339,33.155
shekhar,mctsne,60,32,5.969,283,42.193,1,39.596
shekhar,umap,70,74,9.348,73,12.581,0,47.620
shekhar,pca,70,6,14.044,7,46.740,0,38.820
shekhar,isomap,70,84,6.115,713,43.723,15,41.859
shekhar,lle,70,69,35.366,696,28.797,13,29.748
shekhar,spectral,70,70,8.691,596,27.841,1,7.293
shekhar,mds,70,8,11.513,17,34.309,1,53.490
shekhar,fa,70,8,15.076,24,40.497,3,18.500
shekhar,fica,70,14,14.104,94,26.633,1,44.861
shekhar,nmf,70,17,18.086,115,38.858,16,39.206
shekhar,lda,70,52,17.861,204,53.023,340,56.257
shekhar,mctsne,70,36,7.794,310,8.935,1,16.542
shekhar,umap,80,75,32.129,74,38.456,0,37.537
shekhar,pca,80,7,0.120,8,39.099,0,48.377
shekhar,isomap,80,101,24.137,883,41.272,50,51.591
shekhar,lle,80,70,0.821,700,56.744,15,13.968
shekhar,spectral,80,72,58.107,625,24.538,1,45.226
shekhar,mds,80,8,30.736,18,22.169,1,37.882
shekhar,fa,80,8,39.696,28,8.347,3,26.616
shekhar,fica,80,13,56.465,92,59.834,1,49.857
shekhar,nmf,80,17,5.191,112,38.169,17,4.865
shekhar,lda,80,56,27.768,216,19.065,379,20.558
shekhar,mctsne,80,2075,33.312,2599,26.666,9,30.872
shekhar,umap,90,75,52.453,75,3.411,0,36.605
shekhar,pca,90,6,15.005,7,51.097,0,40.654
shekhar,isomap,90,100,49.957,882,6.033,49,30.330
shekhar,lle,90,69,10.249,693,20.166,13,16.929
shekhar,spectral,90,69,33.372,600,14.112,0,59.850
shekhar,fa,90,9,8.020,31,34.213,4,1.174
shekhar,fica,90,14,13.568,93,35.512,1,31.343
shekhar,nmf,90,18,35.196,126,26.731,16,58.309
shekhar,lda,90,65,54.281,287,29.716,422,0.544
shekhar,mctsne,90,31,56.664,283,22.508,1,58.395
shekhar,umap,100,130,24.530,129,34.938,1,9.778
shekhar,pca,100,6,20.195,8,16.017,0,37.607
shekhar,isomap,100,91,29.318,795,6.995,22,40.712
shekhar,lle,100,70,21.435,704,58.887,13,31.777
shekhar,spectral,100,70,3.693,602,6.113,0,59.926
shekhar,fa,100,8,49.417,30,10.114,3,26.131
shekhar,fica,100,14,14.504,94,39.059,2,33.997
shekhar,nmf,100,19,11.463,125,34.251,17,4.414
shekhar,lda,100,67,54.747,305,36.421,424,53.887
shekhar,mctsne,100,37,39.560,321,19.857,1,38.799
shekhar,umap,125,76,23.851,77,9.385,0,35.559
shekhar,pca,125,6,10.623,8,28.305,0,40.353
shekhar,isomap,125,87,17.341,748,6.344,25,12.314
shekhar,lle,125,69,10.045,696,16.709,12,33.201
shekhar,spectral,125,69,45.515,595,42.112,1,3.053
shekhar,fa,125,8,55.151,31,51.845,3,31.493
shekhar,fica,125,14,18.658,94,42.381,2,22.998
shekhar,nmf,125,21,49.826,135,53.463,19,57.763
shekhar,lda,125,76,15.753,339,34.501,486,19.006
shekhar,mctsne,125,32,11.660,283,8.109,1,58.846
shekhar,umap,150,145,38.409,150,34.787,1,30.183
shekhar,pca,150,6,22.129,8,36.571,2,4.166
shekhar,isomap,150,106,40.044,869,25.769,56,40.794
shekhar,lle,150,95,59.624,861,2.174,75,14.813
shekhar,spectral,150,74,11.091,600,8.066,1,50.842
shekhar,mds,150,8,41.938,18,39.948,2,8.398
shekhar,fa,150,8,39.765,27,59.712,2,54.732
shekhar,fica,150,23,45.567,153,5.750,10,37.265
shekhar,nmf,150,32,51.770,146,26.888,81,47.288
shekhar,lda,150,85,41.424,388,5.051,544,8.179
