,dataset,bd,fa,fica,grp,icm,ipca,isomap,ivis,kpca-cos,kpca-pol,kpca-rbf,lda,lle,lsnmf,mctsne,nmf,nmf2,nsnmf,pca,phate,pmf,psmf,saucie,snmf,spca,spca-batch,spectral,srp,tsvd,umap,vasc,vpac,zifa
dbs,TabulaMuris_Bladder_10X,0.6715733214917099,0.7000526861132306,0.6251897372983446,0.014453024001147582,0.6715733214917099,0.6847337366689775,0.13201866434085024,0.6686177579291841,0.16054786556251902,0.0888770703725512,0.5727273973631418,0.6689480013711353,0.7357278138443266,0.6715733214917099,0.6682679174135847,0.7242555214847869,0.7173620412746796,0.5713691010646206,0.6854598882941175,0.7319330883041961,0.1582710484640459,0.7058689693335198,0.006964621473036652,0.6715733214917099,0.6197405735661163,0.004725552976199682,0.5221010158857408,0.021129277123045857,0.6921486795402852,0.6667915196257432,0.7524429278469869,0.6715733214917099,0.6341902637489157
dbs,TabulaMuris_Bladder_FACS,0.34222357019783306,0.7252347643309595,0.7142632698793104,0.7274880127139216,0.10975650442010493,0.7134138500000612,0.5959880716255157,0.3516506132667777,0.7116740936547387,0.33965801580254257,0.7264675793814861,0.3499765507983627,0.7038643715660068,0.7238497715564516,0.7213725141440223,0.7173889444520138,0.7260318895219428,0.3540319216728941,0.7142632698793104,0.7057448623896815,0.46137498222096895,0.7128323177193153,0.002532434699186027,0.7266804073719887,0.7134138500000612,0.7277976653445638,0.7174945745571115,0.28941828705671285,0.7137508253742905,0.7052494238002414,0.6274821672597481,0.3367535069250415,0.7071483715268213
dbs,TabulaMuris_Brain_Microglia_FACS,0.27971075483834285,0.4655310718692238,0.28067717847070595,0.4842003947674826,0.5148236552001247,0.2648737932731248,0.03522893900929678,0.27971075483834285,0.2827741734719549,0.2513986987633842,0.14032555722428722,0.28186628656081125,0.1853231346380828,0.4506149076609188,0.27971075483834285,0.2778737714432498,0.2794211451543033,0.3676315332039328,0.2815468838412124,0.24272704382812035,0.42737896878604265,0.055119816588556914,0.000870947733613362,0.265647107175459,0.28039473128949643,0.27971075483834285,0.007371249686965744,0.2251291969659893,0.27971075483834285,0.27971075483834285,0.4254065776771805,0.054293892989946524,0.5007875262871718
dbs,TabulaMuris_Brain_Neurons_FACS,0.3107110788641149,0.5249650226510353,0.0013080531549237615,0.4435163311249316,0.5433737149642668,0.5508891645410899,0.17281435880847146,0.7272279318962727,0.4380034603396117,0.4045868987836452,0.5383871832723168,0.48026938554339704,0.03450592018729313,0.0012031432589786355,0.028067730897724377,0.0013080531549237615,0.035552662992992284,0.0192119455120516,0.5353688537268949,0.6285042719057379,0.3301406584099997,0.4904893155615573,0.0462713141512735,0.0013080531549237615,0.5401393548034025,0.2859450164588915,0.4546812739598244,0.25059561139417275,0.5494633149112916,0.5284549449524372,0.5509210614211899,0.5123960356027716,0.7171568815114849
dbs,TabulaMuris_Colon_FACS,0.08220175218640736,0.061509999544390924,0.07424714540219529,0.07905741029655927,0.262045331565448,0.08371621283193373,0.07483242581665184,0.09164199234725152,0.07687412702174115,0.08263438706929961,0.0008653035722012512,0.03414987135665135,0.07715877853711461,0.02120699663040304,0.02818686055484745,0.01603726478739686,0.0641979090793418,0.03625958136199019,0.08371621283193373,0.0298210934839516,0.038759683322920936,0.043412011394773575,0.0038209670856950225,0.08051543081818123,0.07779274132194285,0.16228801112749686,0.28765568122337376,0.009589859723594777,0.023379851109688696,0.0044789631940790175,0.0844533584457846,0.1532642476827508,0.2516772669036456
dbs,TabulaMuris_Fat_FACS,0.17133930881302978,0.2202285258858933,0.20400311210355787,0.006117583383445782,0.7110647242196928,0.4402112946165582,0.011791169798817374,0.10276437205097416,0.6065917366651841,0.002550216563580635,0.001159225048122368,0.4035606725924911,0.05461876496568279,0.00105955508379673,0.0584467572447905,0.006917140920534299,0.006698569237547576,0.293473089844113,0.01079306251423297,0.015654729066771872,0.13197535762288493,0.005819879112674141,0.002075030697225986,0.5671690643206267,0.0067592932168072965,0.2030237416017002,0.3959387270156488,0.02317145287870343,0.009076940568694935,0.005245373441776986,0.11179833975250417,0.3941430649612041,0.1040842529333506
dbs,TabulaMuris_Heart_10X,0.1885819689315183,0.3467278757144018,0.19401170375847104,0.19962529944521795,0.04514575946319877,0.19962529944521795,0.1885819689315183,0.18296414213298065,0.19435663624539645,0.19962529944521795,0.1885819689315183,0.4126686177220104,0.6211921340607434,0.8362557214983806,0.8674650403549099,0.18913168657618992,0.18913168657618992,0.6680556281432821,0.19962529944521795,0.05697811947428547,0.17926028302316796,0.3616793553739188,0.0065724929633706,0.18913168657618992,0.19401170375847104,0.1894947620754905,0.5422276745526479,0.1852008551422132,0.18913168657618992,0.347121141798695,0.831958580768989,0.7575842134188586,0.1885819689315183
dbs,TabulaMuris_Heart_FACS,0.3382313585216246,0.3735245971123532,0.0018481551983759827,0.33866928925405465,0.6551162894173068,0.0018481551983759827,0.3512640350626746,0.7198068289912815,0.42797857449595306,0.4058535708022934,0.5428046509833573,0.3785786664629692,0.07013138262640241,0.4053000414215781,0.006877353693880208,0.0018481551983759827,0.6631429042760061,0.38151806749287054,0.0018481551983759827,0.007504460512470551,0.3738693313299306,0.34420624423396623,0.0015369821984888325,0.002208212456930053,0.0023881276072248198,0.5454301986540679,0.4944334376749369,0.04193183609136171,0.3317739160710263,0.04076934236815007,0.014234975843605578,0.4159936768057287,0.5884190929450831
dbs,TabulaMuris_Kidney_10X,0.09440703840755972,0.5686058757163425,0.002746915950075653,0.006570580489701344,0.001616768538105908,0.0036388654853073093,0.030113761624477382,0.6153654501526328,0.5475680532830937,0.006948521435596759,0.21168331539433047,0.3419492440803214,0.03139529241028663,0.06497982763961382,0.4786305161305599,0.0786255884282695,0.38098181547137977,0.2456775780208716,0.0029707771176334372,0.51307453478724,0.21622437025844712,0.6313906219655796,0.00444133539431789,0.07203157154796819,0.002746915950075653,0.5002494947501621,0.512560000767026,0.014541840616522524,0.5078165218574527,0.4669982111223628,0.037668567593211216,0.24286490048121545,0.5164765151686889
dbs,TabulaMuris_Kidney_FACS,0.3660197254407394,0.3558128088735117,0.33236596883143016,0.3134072191291329,0.3687737477186467,0.3345527845542711,0.3332983964840152,0.5701015035116981,0.29495552190580016,0.012261601533825372,0.547706783820608,0.3906434641752432,0.3276354595695153,0.017124855262770942,0.4651954640502829,0.3384230771406788,0.3377431290732431,0.3819877391579823,0.3307360887937928,0.3284654997790785,0.3669632502451508,0.20687435147404146,0.008054223641842521,0.3454932064217907,0.332194061896415,0.012261601533825372,0.3037106986406021,0.1563419725420606,0.32060194841027023,0.4630658358839301,0.5541309484619552,0.3296394883673705,0.5359633761230105
dbs,TabulaMuris_Liver_10X,0.019693067167641142,0.05295685344817423,0.19560075260891013,0.13221386069843394,0.004273717516585989,0.08511720805954459,0.03943229196150346,0.04359092944498169,0.004747828430240293,0.04339834505464819,0.14097768289531634,0.14738802500450876,0.08550897365749402,0.029600578154578745,0.01754421702642792,0.012547754400434428,0.014729310388946931,0.06157638479522672,0.06222600359507083,0.009576228708758128,0.018036860355975032,0.10846191938826068,0.003118344511844693,0.01039120131581684,0.2751243469072529,0.057847761433107686,0.031564444895182564,0.01356908868593918,0.4683253248982261,0.013673971956070093,0.07635630782180051,0.1290393981408654,0.018836248803473853
dbs,TabulaMuris_Liver_FACS,0.2209224959643021,0.3854647213197699,0.6606397622328387,0.21738400683820724,0.6456765423777217,0.20808901068241886,0.1751466222653568,0.5184477366800708,0.18692278727044112,0.21389218251370146,0.4154796373756916,0.3944881467606467,0.4312806726272895,0.5373943940753123,0.04809085608447679,0.21388500796945864,0.2149585915391496,0.15128018709985405,0.004396727471553266,0.035001317013668445,0.20551980248457385,0.465257153296697,0.002290776575379488,0.214679281408036,0.20808901068241886,0.005022515021510896,0.2003984729461356,0.2486580822554708,0.20543320514744806,0.4314343362751271,0.3525201116346473,0.2051702873097548,0.6671350716628716
dbs,TabulaMuris_Lung_FACS,0.016802492853145255,0.05567995489236826,0.6656820726624774,0.011117130165361951,0.4511052850572764,0.6592362183427952,0.15469969085827653,0.17718343756942456,0.18479916104513908,0.011798896039061594,0.1729495448489376,0.15220518181265655,0.1912625734651984,0.6590855292069843,0.4904589985287444,0.442013613775972,0.1413076752095537,0.5225294276189324,0.6674259648323797,0.02043725507691818,0.3295283400707967,0.3828042839222839,0.006526554607803723,0.44952035477832064,0.1625827451525171,0.1488062445868533,0.11172967141151864,0.11848462610930376,0.3992892750551448,0.03540982358579192,0.6884227653202823,0.4913086708697003,0.6608250209828817
dbs,TabulaMuris_Mammary_10X,0.002340330064759284,0.01450097246439586,0.004165945512702833,0.005138179631355084,0.0022846209221215586,0.4866572227451422,0.6384517557830199,0.2983669797114229,0.006832793869509851,0.4820773202528559,0.4732732176773621,0.5477949947159368,0.006832793869509851,0.5166112916253912,0.8734198944917924,0.5117024041638122,0.003453489974888781,0.4527457673439765,0.4825758788840917,0.907989544384948,0.501037282075481,0.4852084080925576,0.0016209349291964766,0.5202715213059501,0.5057462376042663,0.008266630592176723,0.4645933011189586,0.013356289534387104,0.007509827255647812,0.8626333016210724,0.910437038897878,0.4539799755709996,0.5597295206082938
dbs,TabulaMuris_Mammary_FACS,0.15167000354592272,0.5767085692715427,0.002082432282678182,0.15245164044688306,0.5361776066737503,0.002082432282678182,0.002082432282678182,0.4963925979134059,0.1543214157091878,0.002082432282678182,0.2402654324984229,0.15406251474815424,0.5099902665538644,0.01960655849610177,0.6955500863034333,0.002082432282678182,0.002082432282678182,0.4528864803194782,0.002082432282678182,0.052934020973981116,0.15379883053529128,0.3544104245891415,0.00424232967168856,0.002082432282678182,0.002082432282678182,0.1543214157091878,0.6792665113274199,0.015710855515593806,0.002082432282678182,0.5915248291397628,0.08074314647719419,0.4555674655925829,0.5494549049026395
dbs,TabulaMuris_Marrow_10X,0.12294956390685678,0.3820078689232794,0.4559082391495145,0.4486347388023614,0.09538556020349796,0.4553725011585415,0.35630060582190703,0.2909945408406113,0.3436876516625017,0.3383723164012897,0.0009811538666568624,0.22028249878326805,0.4091664064047321,0.007334295640919516,0.007764323316137784,0.4558654415506146,0.5500750255031203,0.4897469992516744,0.4553017928887692,0.024039088642023684,0.32591169855441304,0.3583616736540001,0.004585253576314205,0.4577632918227364,0.4557437581481929,0.476153149072823,0.4464050750798999,0.3775733132652648,0.457576604040205,0.6823536743097555,0.2276842643373567,0.27735829179500404,0.4004460041563079
dbs,TabulaMuris_Marrow_FACS,0.09946773872641708,0.4982007155174481,0.09598692241848733,0.0940465295508254,0.3790524698255987,0.017315201183431703,0.015468877689034209,0.2212742983276381,0.2837725108342939,0.002870937205361212,0.3490518321261392,0.35442757149302073,0.12439015176504638,0.007421622980977012,0.06016651061401058,0.025429407774710932,0.07992429662085343,0.2840368378818232,0.15014299322573152,0.764057056235563,0.07539864675003867,0.04785612607189712,0.0005012515852426484,0.09946773872641708,0.09587114534175946,0.07703352147763108,0.016045721451182226,0.10490926398714497,0.15846105682742914,0.30703536107858365,0.03786434037201895,0.2489278210168865,0.008547880916675027
dbs,TabulaMuris_Muscle_10X,0.5600218987705424,0.7535158646661629,0.6422764920779505,0.06898067163402449,0.5639308931675246,0.6494353069028199,0.008635637480597903,0.9238722211755372,0.023178119896991558,0.3536513072519434,0.5498140180161804,0.5137388459921194,0.3415382725670791,0.005001224572942339,0.006528719039610422,0.5658692213946211,0.07006995959540485,0.3957969979858024,0.6379685087107159,0.15454184784559674,0.009542339260362815,0.6900120779125699,0.007246723374225351,0.5635689223447435,0.6425996196111523,0.661735829621018,0.7358615816496207,0.0239345838098012,0.2399931441990777,0.8539617888988047,0.2931476725283351,0.5248730829646373,0.024767165649368643
dbs,TabulaMuris_Muscle_FACS,0.030472370066056742,0.4912630820181761,0.030472370066056742,0.09465188109173196,0.00897499254525993,0.030472370066056742,0.0018690612638183198,0.6527789699979231,0.03795954371010607,0.0588102252887089,0.6968160063297293,0.4323371121496887,0.1019788686003864,0.5196498795910888,0.00654742549676174,0.4899455667587937,0.4761417129114556,0.38372851650708295,0.030379599846859232,0.7215160826266556,0.03808865367885203,0.028112801600243327,0.001932979147855198,0.030472370066056742,0.030472370066056742,0.030472370066056742,0.5601930205516212,0.003809542606689608,0.030472370066056742,0.4917679745976756,0.7407901896530382,0.4319120432311752,0.02222454635165997
dbs,TabulaMuris_Pancreas_FACS,0.4186386807046922,0.5968696386484091,0.6004011495033881,0.2752579335245305,0.4080809163967504,0.3788171112314229,0.2374148625188321,0.4994305980660107,0.4377312574424415,0.3451929506903497,0.2259092806243909,0.36725953911156783,0.30226561568869675,0.2599866835570502,0.3473266294091367,0.4186302476597078,0.03811714336162895,0.36469940350724056,0.01060072707053972,0.01823440696297297,0.5702577412361394,0.4235590085068444,0.0035215056973748444,0.4186302476597078,0.4012162012683015,0.4253197215608751,0.4401886471636046,0.016252598764212832,0.413091377009454,0.30069976444704843,0.5851847808001746,0.5419920678107343,0.4353081497079801
dbs,TabulaMuris_Skin_FACS,0.6249983197281116,0.2005071244170888,0.034480085261618346,0.019240550020262943,0.6246643730182065,0.04576719761171545,0.02317228965609227,0.5383041492824752,0.047398964554955236,0.01848359102412924,0.19225582502992344,0.5702367782581071,0.01947101929651966,0.6312266414693557,0.0230601292129058,0.6160254440086547,0.015561610391394778,0.020875853996752968,0.034480085261618346,0.6630882016983914,0.02310334501576384,0.1983405533860958,0.0008431758409181727,0.03126867692854158,0.034480085261618346,0.02757300882396101,0.02135774667884972,0.07722450294616942,0.2032056361254012,0.5081255003277673,0.6402045378642883,0.18673955985989746,0.6492834721294075
dbs,TabulaMuris_Spleen_10X,0.002852808714841245,0.6785975550174683,0.029822556262303106,0.039160556687928505,0.0025250016973036326,0.03993335992923936,0.03993335992923936,0.0016779983109971146,0.03602974963595106,0.038322917626066544,0.0017245697529673712,0.06235969261814965,0.1522125279716459,0.0007124768487370923,0.04161067341229333,0.03993335992923936,0.03993335992923936,0.10773873262460296,0.03993335992923936,0.0552069144310319,0.07316886015073693,0.7413877526420556,0.0004637277335889494,0.03993335992923936,0.03993335992923936,0.03839346846916821,0.5306860842434294,0.03993335992923936,0.03993335992923936,0.0381374019059861,0.03839346846916821,0.3123011786459108,0.6494761910226634
dbs,TabulaMuris_Spleen_FACS,0.04270722867427791,0.7750673805665399,0.04270722867427791,0.039450392043727966,0.8467243018530501,0.04270722867427791,0.007128857587471576,0.8102777339972114,0.030278492369672942,0.02180476920429011,0.7978232870067287,0.7753474244137731,0.004423561144161334,0.8622076963421978,0.01980089737677246,0.04270722867427791,0.002739462868632253,0.06383585566233524,0.04270722867427791,0.8008422512119032,0.06629399962149726,0.009617288631753193,0.005023556753957044,0.8467243018530501,0.04270722867427791,0.766408431087285,0.01856663014168481,0.030903112783711183,0.04270722867427791,0.009386055006903413,0.004423561144161334,0.5708166499408219,0.02457732716157624
dbs,TabulaMuris_Thymus_10X,0.04545412395499345,0.05289757446334916,0.09286592989430556,0.0962568672985548,0.045688497604840415,0.06988185950964587,0.03932339623392148,0.08674695892681084,0.10711932283511363,0.04113520499424567,0.07922755723244011,0.07692857153051665,0.13430254973538175,0.06427536416879613,0.057427062313772474,0.06739348599361328,0.010449437053321721,0.20231369279484576,0.03630802586981596,0.1136853808994892,0.14128176515208887,0.02379931035454738,0.00834136669440542,0.04525300400238491,0.07239340506955581,0.03654906796178189,0.09731673226524272,0.07330725414963744,0.047672119702137465,0.056961522055447814,0.027100144251581502,0.05321393134817797,0.01590248017400574
dbs,TabulaMuris_Thymus_FACS,0.4441824885788923,0.09578986605857734,0.4521576686383394,0.4545620279061837,0.4733779049745536,0.4521576686383394,0.002554963420423789,0.4456335390068581,0.3433518373890063,0.06437364965499599,0.5474864813367034,0.4545620279061837,0.34672911000336243,0.039163625605140265,0.4545620279061837,0.4521576686383394,0.4521576686383394,0.5129267769072647,0.4521576686383394,0.2152222361506368,0.039276320026702026,0.470588962435283,0.004552496924827993,0.4521576686383394,0.4521576686383394,0.4521576686383394,0.33097072795200605,0.191987229213001,0.4521576686383394,0.4545620279061837,0.46177418644252,0.5642116606200396,0.2867963544155128
dbs,TabulaMuris_Tongue_10X,0.3179368186410671,0.1624213538453914,0.20026291171483185,0.1790049190984256,0.32682513697176224,0.1981307156966952,0.10340266310458628,0.02465855824072808,0.2072081255330029,0.18027270495608166,0.0006453358424881768,0.2351813567896875,0.044345177233342914,0.16884520462416938,0.019208764550447267,0.32324095619436577,0.01953306502183921,0.15613185672114935,0.1939130596890067,0.3546442618329762,0.054434111275866406,0.006307184505593323,0.0040541868289184265,0.3227842037536347,0.20000359277900026,0.00426244038086742,0.18556922302791248,0.008877322269363323,0.2705774635204779,0.011599716650488288,0.0023838407720377145,0.20397693372128767,0.0014434962280110491
dbs,TabulaMuris_Tongue_FACS,0.06579453492135316,0.10948800149939016,0.06579453492135316,0.06579453492135316,0.0012411642489092555,0.06579453492135316,0.06754970163561022,0.05979808599151076,0.06606943291121788,0.06665302662465104,0.10214622732687396,0.10216699596836518,0.06579453492135316,0.08368633781194731,0.1038369859295927,0.06579453492135316,0.06579453492135316,0.1376361875617423,0.06579453492135316,0.10948800149939016,0.06387326554495301,0.10948800149939016,0.002508632409515333,0.06579453492135316,0.06579453492135316,0.06579453492135316,0.010153808388377,0.10842393852547748,0.06579453492135316,0.06579453492135316,0.11209898391545137,0.25328036136233023,0.036742850055357545
dbs,TabulaMuris_Trachea_FACS,0.010499175013734627,0.011891084849507558,0.010499175013734627,0.09549934803328801,0.02241601057480514,0.010499175013734627,0.010499175013734627,0.01252278841172605,0.011524736969815878,0.07074112131311615,0.06859605969849503,0.3307251155167166,0.1723433174671107,0.035249390879000635,0.2840404571854756,0.010499175013734627,0.02205403028902717,0.01510951936161175,0.010499175013734627,0.0057925744596695975,0.10012014888927873,0.022736315824780712,0.009288212800041334,0.010499175013734627,0.010499175013734627,0.010499175013734627,0.09732393722096427,0.016912269180549076,0.010499175013734627,0.07337769018286053,0.021755835927151745,0.2938072430873816,0.3266254383798631
dbs,baron-human,0.207456602733376,0.5487850087109161,0.5091779172487756,0.011648972323812323,0.4685064136980121,0.5084162284224719,0.34538691080811423,0.1300671314754287,0.7289492396516071,0.001174874645734055,0.257513473257975,0.4741096478640066,0.6582678113496516,0.5427377884700211,0.028220251850628705,0.4599296448307517,0.6019157547474226,0.7354133785083173,0.5104349011734121,0.003453230263520997,0.4428586854512149,0.4650318656133019,0.0008854381089710127,0.4861644409720586,0.5103813656351154,0.4852304599524641,0.6728609654798401,0.01010339209259067,0.5030700902059331,0.8111556235038617,0.007778627405038644,0.4715359893081436,0.5413543228745615
dbs,baron-mouse,0.27344252459788565,0.019889114225926124,0.5948560508175608,0.02037249535878289,0.7421879613260257,0.5945554558106432,0.6114500953997652,0.5065006966207508,0.4086748133306057,0.007528297995115506,0.06438235117449911,0.4937958233594113,0.6132951847870927,0.014753553688865887,0.7093152211999872,0.11035697431074536,0.5913254884229785,0.4895321993756522,0.5942945470439203,0.6448515003306217,0.4718669246299641,0.02937796369873068,0.022907395480811908,0.5858627502312163,0.5969301217631326,0.4174585283425086,0.6335538411146004,0.09891585913739302,0.5943962737461926,0.7422288507474607,0.5074185558928123,0.3436082013432282,0.37761268647454416
dbs,campbell,0.007271384675734075,0.014080373806775744,0.10022897526688912,0.0027923104688786496,0.0010627360732095006,0.012270892867642123,0.02404189697912632,0.22229102458798594,0.0028947621485571305,0.0012339696572129634,0.0006808347417764185,0.01150002947260552,0.011775696035290072,0.0009469556271938873,0.011332546156362464,0.001714972710205192,0.0020717132717195364,0.002800164637638975,0.005579024410149742,0.00556228797038513,0.008517346069457463,0.0013584032078816225,0.0026464701664643624,0.00225547509666078,0.002101169650508682,0.0012210077107810346,0.0,0.005844311879095106,0.0035959313863258993,0.004441382760428503,0.003804271941888453,0.0006139811798279588,0.005159590102449683
dbs,chen,0.0008422342754390468,0.0008422342754390468,0.0008422342754390468,0.0008422342754390468,0.0004597343752950375,0.0008422342754390468,0.08181707112489765,0.035342177527643265,0.5969165978473115,0.0011623012466345675,0.0006184024642762746,0.3881225762529295,0.006102685877409326,0.027719872987638096,0.06715547374996399,0.0008422342754390468,0.0008422342754390468,0.3382232823932624,0.0008422342754390468,0.0008422342754390468,0.1368725594505634,0.5721001107473528,0.0009447035493049322,0.0008422342754390468,0.0008422342754390468,0.0008422342754390468,0.5951223770048344,0.0034720365663385125,0.0008422342754390468,0.008207974242719754,0.023246130617071342,0.15298667036178334,0.023647000637706386
dbs,darmanis,0.032315724651244916,0.14072194558550738,0.056149714420196166,0.024895739115372482,0.01687220211924538,0.056149714420196166,0.10036352072222636,0.16930968483975736,0.05929736461063294,0.11810455727650147,0.08168307576769633,0.4045035911022694,0.04310766521754472,0.015817561909738157,0.12155544944962485,0.07525905869644171,0.11812278075363045,0.12959978122918486,0.056149714420196166,0.7126515504422268,0.20868503182350392,0.09039106264407364,0.014351474905289154,0.06205241414096604,0.05199439388946993,0.06986569304321008,0.2970975444305219,0.05954863851911577,0.17916352564380605,0.036146435407031885,0.07345734509405094,0.6950550515978305,0.06295062195115833
dbs,deng-reads,0.4203749180854147,0.8935902179840021,0.8652879937627594,0.2268734993825369,0.4203749180854147,0.8663794105040747,0.08910939158269376,0.21612238053463084,0.7830991286401247,0.5269338372692599,0.7807443241575582,0.4056717057958065,0.761833259561027,0.5640446276690574,0.8035049518807517,0.4203749180854147,0.696172285640197,0.337721211701818,0.8663794105040747,0.8917997631967941,0.8182844468404609,0.4121943904696006,0.01123169879716198,0.4203749180854147,0.8652879937627594,0.4203749180854147,0.8035049518807517,0.23043057623461585,0.3977676305922166,0.8529421252798554,0.883546760436708,0.4195729718172216,0.8935902179840021
dbs,deng-rpkms,0.4203749180854147,0.8935902179840021,0.8906482372310683,0.2453099032436591,0.5640446276690574,0.8906482372310683,0.8188859937396725,0.21612238053463084,0.8064837655309527,0.2895666137514165,0.8242338982486039,0.5198976401945427,0.8340843897210246,0.5640446276690574,0.8035049518807517,0.5640446276690574,0.5640446276690574,0.5854331055408545,0.8906482372310683,0.8800701242865886,0.3647735629876945,0.4210434158143658,0.019255682636271854,0.4203749180854147,0.8906482372310683,0.8762392776840314,0.7489542641866559,0.2352161445662521,0.32014480727361644,0.8423786792665524,0.8587798416486203,0.4287935717317576,0.8641464281490473
dbs,fan,0.02252613873921036,0.3981793838662397,0.3981793838662397,0.10784525981460784,0.02252613873921036,0.3981793838662397,0.2569248560070223,0.0,0.4131343397684515,0.3845780100340723,0.4652513783087322,0.02252613873921036,0.2895545987501327,0.02252613873921036,0.03884518764132607,0.02252613873921036,0.3981793838662397,0.02252613873921036,0.3981793838662397,0.4685012012514748,0.02252613873921036,0.02252613873921036,0.08825217670065208,0.02252613873921036,0.3981793838662397,0.4131343397684515,0.2410477295520605,0.3517183075257524,0.02252613873921036,0.4385141170033845,0.5422345889779714,0.02252613873921036,0.0
dbs,goolam,0.8760545980978534,0.6895991055987662,0.6186299305475276,0.2679968650595825,0.8760545980978534,0.8414065866388883,0.208589639722495,0.0,0.8760545980978534,0.7697149581053906,0.8605910451849472,0.8762086545831678,0.8760545980978534,0.8760545980978534,0.28878106114173063,0.8760545980978534,0.39853502206547137,0.25707606875813505,0.8507300243045768,0.8762086545831678,0.2842716510609621,0.4867605311362527,0.1178879448889131,0.8760545980978534,0.8762086545831678,0.8211503403708201,0.8762086545831678,0.2786421478051368,0.9006834057419255,0.8762086545831678,0.0,0.5460720283534697,0.7627572453807835
dbs,klein,0.5756479097981966,0.13221697035740285,0.7912010572265344,0.003005156097260054,0.6044155324839333,0.1162146914213154,0.4216629568630772,0.6713103908419914,0.6638029905466035,0.6330322798286403,0.6499989994885306,0.6638029905466035,0.4133459074120683,0.5721615033752308,0.4119995441784701,0.6114991269813144,0.5593291960009502,0.01411200157890721,0.04592024485895218,0.7539012551485006,0.6638029905466035,0.6525724096779313,0.0015394052952067685,0.5802209440684615,0.7598220159358806,0.5083015605187989,0.7915569252613023,0.014599390383263576,0.5985843383331899,0.4130819400129496,0.6610784240003692,0.6482441389456103,0.5750350227743091
dbs,lake,0.1072429856606811,0.005351580601216086,0.01088222835013822,0.007677519636018042,0.3607751228979405,0.003328775304524843,0.014372228185804591,0.4334368975579014,0.2811232431852193,0.00961624514767855,0.005872915089214861,0.03713098909620049,0.3221231839214115,0.02845539040714712,0.02363557343506301,0.3528182629094365,0.03017078000161145,0.10772262800736897,0.0037326978615172188,0.02898130936997778,0.2860482771835005,0.33959449384154705,0.0020159210895799315,0.02045353741878583,0.024752978047089685,0.003397149969296345,0.3115313549045009,0.014331641278568681,0.3144946325407797,0.01997132777295663,0.0,0.3349002191653494,0.0
dbs,li,0.655096209438932,0.6632256830953979,0.12128722535183215,0.051410284711813366,0.4453829156399761,0.03207496226310254,0.5904462769590363,0.4506161293263914,0.9565756241756844,0.03859856299013136,0.7431732856381615,0.5874499774406194,0.5405386534488825,0.4453829156399761,0.8932467970654923,0.4453829156399761,0.04405739447815839,0.1981221311687305,0.03207496226310254,0.8261312390950609,0.2425906230390729,0.4640220023875663,0.02096218882357422,0.4453829156399761,0.032965024835869536,0.9336201660945272,0.6418556249599184,0.2549104812131947,0.01971529339430297,0.8565376341154569,0.9267198469764468,0.4376323975514416,0.6365674800718569
dbs,manno_human,0.001418016593838191,0.05045066987151186,0.001418016593838191,0.012137908808349564,0.004563093468405987,0.001418016593838191,0.042294920361108435,0.4359414105902844,0.0023420561334546075,0.1865717935012164,0.004476466614041567,0.01153044437913232,0.21243251171671512,0.005276613250814073,0.016761777897183784,0.001418016593838191,0.03507807646202693,0.0030645142831685745,0.001418016593838191,0.4432741219111128,0.006226554718822165,0.01684880165007781,0.004498883411541811,0.032043769347283965,0.006515167942821923,0.001418016593838191,0.01046399071088889,0.0015507201187933176,0.001418016593838191,0.27336537373589825,0.1388917536652295,0.4859820764704498,0.009030651417814064
dbs,manno_mouse,0.2818478736707462,0.2007941030280987,0.009712500586993512,0.009035422096098523,0.006162133404889539,0.009575893236649638,0.1869886870142185,0.00884536434739782,0.00884536434739782,0.007208767396698994,0.02070851212119848,0.2441901393778566,0.19126759703479185,0.008867090736645935,0.19164480337968573,0.008920673488910236,0.01785396064332964,0.025063000060706875,0.2007941030280987,0.3572104529977165,0.2007941030280987,0.012892280397140332,0.00344978275649509,0.008722634387352907,0.2007941030280987,0.2007941030280987,0.2471460484161275,0.018960442649571883,0.016119267303586385,0.18899025616963144,0.2677555850993706,0.5110949560294293,0.1964713134801836
dbs,marques,0.1628066763791998,0.14847234273241666,0.009931224792755476,0.0057053742558327404,0.0019748148060957844,0.009061321339055527,0.1301092696140728,0.2253209295550465,0.02355585680993261,0.007928869488225736,0.2841697619463059,0.14300653626547571,0.0014821686089760387,0.0746398232384202,0.022541114187253096,0.036113016686246883,0.016836193682789918,0.04934337966855351,0.009931224792755476,0.017901854324957608,0.011436708571495246,0.007631999253874473,0.0022651982539801307,0.014062900654948569,0.015792272715432692,0.16412473019173104,0.015600127220535984,0.03999622024907646,0.008180182596950525,0.027981833572407626,0.03720042010965621,0.4042404347623704,0.1628842463092791
dbs,muraro,0.02644777493873476,0.4188913160695704,0.589615153572098,0.06149207723135172,0.5831739227014682,0.5868920463063043,0.01922008382424856,0.6559334662945501,0.6720040658313865,0.2987649142288397,0.0046436734134902465,0.4612280930383968,0.015204382978851868,0.0040971376299192746,0.8797931413973453,0.030240833408888987,0.5738339527133247,0.00798995202885748,0.5945285618935958,0.671049707027259,0.35958053267923223,0.23908293418577306,0.002708959641675727,0.056310898521129436,0.6027642522228376,0.5780949065221789,0.5970566469369449,0.037900637132243634,0.5417617831091556,0.9140747645313656,0.4552220816902202,0.4538490861840182,0.0
dbs,pollen,0.6087180398627511,0.43066348193111703,0.029558931596133695,0.11149773775605294,0.10506296624153864,0.9419881374143748,0.8482122695375701,0.8275652120152106,0.9522645762749454,0.5611471640378267,0.9594691448003868,0.6813532728574517,0.5079278484037897,0.5677862136321309,0.8939550151395413,0.9419881374143748,0.1031357015066912,0.08803792452725656,0.9419881374143748,0.7334268548919202,0.4660473744207938,0.5425773792625165,0.026874549743760943,0.9419881374143748,0.029499037529370706,0.08313092806511943,0.5443845969042664,0.2275122492202508,0.08313092806511943,0.90252361727844,0.8973184490070482,0.3820570482844993,0.0
dbs,romanov,0.02267700578805297,0.021019238122746968,0.013180996380769548,0.16452524677626473,0.40832045975946657,0.013180996380769548,0.059753906771325374,0.3028292305517097,0.025632821650596854,0.22369834754782653,0.3655984313308621,0.3588756852149045,0.2478501640346405,0.0030074454071999843,0.4446123065149993,0.015298945629302738,0.0055338052304591285,0.04009556461577672,0.013180996380769548,0.5003037767555994,0.05843090471047607,0.3681092321760148,0.003472917453259666,0.414412339749297,0.011579994748976728,0.02066902081017978,0.032301398370141364,0.1933457894687846,0.01988793341861269,0.4559250650415355,0.4421974473647607,0.4362903976896249,0.04449403311861239
dbs,segerstolpe,0.0307768695396101,0.4956893805203042,0.4933294369468811,0.024711060291914184,0.4996349294883342,0.037899754318717824,0.07578552445605166,0.5805838489184739,0.5106391758101202,0.05419767133275677,0.5291106212898528,0.4814922271633426,0.42016477169398025,0.022217612651519336,0.4461540149610834,0.501534286626685,0.3753465551814288,0.05274288028494172,0.03534934912815438,0.08844607190274739,0.04458310166763663,0.3580586231962558,0.006079944089477948,0.4969305488937106,0.025503237157038176,0.3701943869770465,0.4770995389854343,0.03196048625345735,0.03904654983625429,0.09914861758659267,0.02222345386356904,0.492462663840269,0.4987612052210476
dbs,shekhar,0.0011484705499105006,0.4910594834990148,0.8787387189812788,0.15276218872378644,0.14080538890022712,0.8787387189812788,0.8850446000908867,0.12686569278519827,0.4905745558224142,0.6568962397746609,6.356557387701055e-05,0.8634995960655698,0.87047512956202,0.00279804050423842,0.9246226726456216,0.048519667367124604,0.0217340110439703,0.8357506049670224,0.8790387074509428,0.005273007126565161,0.6521163783873579,0.8718222355697446,0.0006404656993638803,0.024111929492480425,0.8777826392415395,0.8816603628011122,0.0,0.00289771189483998,0.8810536723008011,0.8863749298289141,0.15823216239058108,0.4534667079765429,0.4857161329499602
dbs,tasic-reads,0.4302999903621945,0.027577445459635887,0.5242221031104296,0.051795684588114003,0.4302999903621945,0.5232760011693565,0.528840722219744,0.21787314142809105,0.5382106784515547,0.05327611943420505,0.5093984071026691,0.4266387384821413,0.1424142347703583,0.5423630544513555,0.04810148718237196,0.4302999903621945,0.20883558306650224,0.01994867234508285,0.5242221031104296,0.0472366016642381,0.21987958621180206,0.1867508153270893,0.0046830132865222605,0.4302999903621945,0.515372432302059,0.5144303682209591,0.5253511003101521,0.1431270561823718,0.007470793715148198,0.5459248627941296,0.07411864585289325,0.5121483622946837,0.11174163797086456
dbs,tasic-rpkms,0.4302999903621945,0.027577445459635887,0.5226562773980375,0.09316978816488017,0.4302999903621945,0.5143203721237523,0.2156093950483308,0.027577445459635887,0.5367863219177396,0.03955332513960789,0.5026302350948441,0.21987958621180206,0.12471174661474024,0.13294663105825036,0.5409685608260302,0.4302999903621945,0.06840050220050317,0.05052559224389448,0.5246963432879846,0.6250789008180738,0.03144440876652737,0.027577445459635887,0.0148290722734709,0.4302999903621945,0.5211943675138759,0.03780063851153189,0.5310994492491395,0.06841592509129228,0.5138749103274114,0.5532945005644447,0.5269817044747754,0.5417774910161418,0.01794242696929287
dbs,treutlein,0.5199303764500578,0.29248580103879857,0.525124098690644,0.03586134429680003,0.5868516672776044,0.525124098690644,0.523448804891684,0.0,0.5478708473309493,0.4360745805288614,0.12424857647153682,0.5223702895790076,0.569300188650817,0.650791244122626,0.3743885173112079,0.6396174301207602,0.3213577615259245,0.16339369003519547,0.525124098690644,0.5835939760364515,0.13465872393209768,0.20095797431392126,0.03827562665185563,0.5868516672776044,0.5705050954137397,0.5465147490658463,0.5930146288408027,0.0699541224116509,0.43386935313814856,0.6560471672791393,0.26981332600735675,0.6867816763561518,0.0
dbs,usoskin,0.10205850377131606,0.031186736196206682,0.4489776729764129,0.04831037718333515,0.007070802837511969,0.07911877627998112,0.09247981901702404,0.6895546340135853,0.07418220428065678,0.058949140650379823,0.013483198073127171,0.0250956935141028,0.06508227938031871,0.44105768371091697,0.2544127879944341,0.07971149482475805,0.07467884243822749,0.009661327208566307,0.0904885870997374,0.7673708855243474,0.06121468581382233,0.02367904862624966,0.003010729028609603,0.06141287087466949,0.07936753859572011,0.02575777439092863,0.018511074217754664,0.05845314772717264,0.07448475732647304,0.2373141924164713,0.032150932675327724,0.4947467946479012,0.029242520212963082
dbs,xin,0.8432365779911796,0.3273814679232446,0.9411304487029784,0.03312291440261485,0.8641364378600028,0.9411304487029784,0.9340739592916828,0.7452640805284741,0.9840275714533314,0.2723551351012341,0.4164628780044155,0.8208980068672277,0.7558622072186575,0.2665745571743865,0.9866043050906836,0.8459170287954367,0.8721394695000493,0.21146708757111995,0.8976551358170302,0.7479965864421428,0.7162986097594823,0.0014903641403172688,0.007095417874109931,0.8504250087915554,0.9411304487029784,0.8315961545912729,0.5918885753378641,0.2875957055279126,0.8274263874478522,0.991287734640208,0.0,0.7148818653122752,0.6393594246553465
dbs,yan,0.4508080801097482,0.7211402388223629,0.8410844166773229,0.17501689466775708,0.8410844166773229,0.8410844166773229,0.3430585084383618,0.0,0.7211402388223629,0.6728674968425981,0.7491313036295818,0.4508080801097482,0.8410844166773229,0.4508080801097482,0.7211402388223629,0.7491313036295818,0.8410844166773229,0.4031516365124533,0.8410844166773229,0.7807949774558566,0.4031516365124533,0.5231183104102561,0.03939305624062235,0.7862783713745944,0.8410844166773229,0.8410844166773229,0.7682085703636049,0.6297971166436309,0.7491313036295818,0.7759130956640333,0.8410844166773229,0.4508080801097482,0.8410844166773229
dbs,zeisel,0.0056534995756799215,0.0056534995756799215,0.0074754302672298345,0.007704264591273089,0.4240935264936561,0.0074754302672298345,0.15097228713723845,0.5262938400771553,0.4446051267268881,0.012579008803661331,0.4456303559148781,0.4761698463889604,0.007968691419275956,0.0575634073984653,0.5936367616441582,0.010122926757622594,0.006624662664489812,0.4543625218535141,0.0074754302672298345,0.7125450640118763,0.42125543072598665,0.412724732900251,0.005689907290043233,0.0056534995756799215,0.0074754302672298345,0.008388937083315966,0.5611468102058973,0.334430310082918,0.009250147325902016,0.7159696204527262,0.010998071197489313,0.5176115682625135,0.4635145965187844
