dataset,method,dimensions,log,variance.ratio.criterion,davies.bouldin,dunn.index,silhouette.score
baron-human,pca,2,0,1795.6792321253108,7.137091022038838,0.005041235145559725,-0.08096484
baron-human,pca,3,0,1662.419646351974,4.065200980330478,0.009284838095153894,-0.045729063
baron-human,pca,4,0,1425.0749691817673,4.013651892373656,0.009219551681790054,-0.033618033
baron-human,pca,5,0,1421.0717496092448,3.9748871152803225,0.009405932208660372,-0.030343946
baron-human,pca,8,0,1274.558723268431,4.013681181686952,0.011170045196836936,-0.01779673
baron-human,pca,10,0,1244.6971266478847,3.7158645170575797,0.011359050360902736,-0.01814494
baron-human,pca,15,0,1209.1547602610394,2.6788767031707232,0.016559010319534172,-0.010180953
baron-human,pca,25,0,1180.743368806886,2.574102017671389,0.023526675772322064,-0.011274677
baron-human,pca,30,0,1173.6624442419775,2.4686567740699306,0.025483246569476724,-0.011569232
baron-human,pca,35,0,1168.8966393358105,2.4034488645032264,0.028449820670542244,-0.010910722
baron-human,pca,40,0,1164.8541731370892,2.381631942182576,0.031050464068552195,-0.009984989
baron-human,pca,45,0,1161.5519805994688,2.380142707328962,0.03169920030560072,-0.010381187
baron-human,pca,50,0,1158.947694703576,2.3659048806855414,0.03328767805327965,-0.01009133
baron-human,pca,60,0,1155.616649434428,2.29951797075251,0.03639933918648544,-0.008677993
baron-human,pca,70,0,1153.359262499488,2.2625697906969733,0.038256011346546236,-0.008188524
baron-human,pca,80,0,1151.6579859206518,2.206516254495864,0.03895588512445824,-0.007956819
baron-human,pca,90,0,1150.2634417938048,2.193110752391621,0.04045502096351559,-0.0076924996
baron-human,pca,100,0,1149.102780594965,2.187015466128935,0.041318460147678704,-0.0076128393
baron-human,lle,2,0,523.3521610371198,18.074136479472166,0.004104870771626754,0.39771253
baron-human,lle,3,0,600.9611695619014,22.584772928349757,0.004371247431027055,0.41390398
baron-human,lle,4,0,312.9578249959582,37.62792142631469,0.014878601889871246,-0.03695343
baron-human,lle,5,0,576.926699205404,21.93211287838943,0.022202149240796824,-0.0150388805
baron-human,lle,8,0,404.9365193718885,11.835958856435889,0.020286069946317122,0.08721104
baron-human,lle,10,0,336.11477163113045,4.594273387698935,0.027062911008636868,0.03081642
baron-human,lle,15,0,187.70898902373725,4.6294378232138005,0.020098873084876723,-0.07475541
baron-human,lle,25,0,128.65791647449896,4.648554884049983,0.0205316318321849,-0.14896233
baron-human,lle,30,0,105.59236594325394,4.764676254115761,0.018749759810402042,-0.15726693
baron-human,lle,35,0,105.4812631848693,4.17719891057695,0.03243363571203552,-0.119723015
baron-human,lle,40,0,105.22363283362874,4.007179623882707,0.05422092740288391,-0.09340085
baron-human,lle,45,0,105.99200160187158,3.868646204288091,0.0777826985045914,-0.0594883
baron-human,lle,50,0,99.01066327313315,3.9407495405199526,0.13577183181621388,-0.04585289
baron-human,lle,60,0,90.53401533477854,3.9765048610185443,0.2023283527435231,-0.036002673
baron-human,lle,70,0,76.84752723862364,4.022348266222602,0.19453414766448293,-0.06746026
baron-human,lle,80,0,66.19074637323754,4.161898579767308,0.18960141547180195,-0.08393777
baron-human,lle,90,0,63.534981955043634,4.335698397339681,0.17750055295099698,-0.08317053
baron-human,lle,100,0,56.216547664019,4.678556915005353,0.17243974489290495,-0.08780929
baron-human,isomap,2,0,1691.495796449875,9.314405864435548,0.0043103943422106985,-0.044127803
baron-human,isomap,3,0,1611.448924376627,3.4415707770839368,0.011422347453821933,-0.051450312
baron-human,isomap,4,0,1591.6016683424677,3.5148961427824026,0.011718448413150395,0.036106955
baron-human,isomap,5,0,1504.2613641008927,3.4862642925292993,0.012042639328731269,0.02928988
baron-human,isomap,8,0,1404.6949735751614,2.7583776646615688,0.03175513667846807,0.046617463
baron-human,isomap,10,0,1369.7771062596687,2.6847754640098493,0.03402062054446284,0.045229807
baron-human,isomap,15,0,1314.4730706001985,2.586450701164196,0.040596013828918524,0.040659197
baron-human,isomap,25,0,1253.6292125662355,2.4458308190917397,0.048544308598368835,0.037422452
baron-human,isomap,30,0,1234.053444095228,2.4514504070280885,0.05124571632972075,0.035802502
baron-human,isomap,35,0,1218.2839741058144,2.4064703133400753,0.05648357027773813,0.03528245
baron-human,isomap,40,0,1205.6905405870416,2.395936725943318,0.057954720045312685,0.03296363
baron-human,isomap,45,0,1194.841043505692,2.3851789403330845,0.059729309783850236,0.031564225
baron-human,isomap,50,0,1185.52235197971,2.3476012379862587,0.0626530645405221,0.03101701
baron-human,isomap,60,0,1169.9080737708407,2.2876255637721057,0.07264217838004171,0.032763124
baron-human,isomap,70,0,1157.1543256156515,2.26111056971895,0.07542407464283558,0.03308836
baron-human,isomap,80,0,1146.364289965004,2.2351519162147135,0.08025108219701867,0.031975146
baron-human,isomap,90,0,1137.0368885980758,2.2229178829082668,0.08129850617939728,0.03251433
baron-human,isomap,100,0,1128.9352633017174,2.215176837145212,0.083879164212654,0.03224428
baron-human,fa,2,0,445.04951258431777,9.380514010525124,0.056187123501387354,-0.24488123
baron-human,fa,3,0,632.0678242350849,7.918416328312842,0.035183565181099455,-0.1665301
baron-human,fa,4,0,847.1844837996008,5.267074889635557,0.03521751050032311,-0.10449007
baron-human,fa,5,0,919.5751110687598,3.8880927756814674,0.0299704702645734,-0.057905346
baron-human,fa,8,0,1027.1888574197933,3.147311306687982,0.01488042667338396,0.1603873
baron-human,fa,10,0,870.7900656112802,2.6719129659120213,0.01637535845124442,0.11950446
baron-human,fa,15,0,419.9420808560025,1.7622165105247052,0.18970027924059923,-0.014942
baron-human,fa,25,0,217.27085196750227,2.0163697409466343,0.1892047540848075,-0.027279947
baron-human,fa,30,0,184.3343259184711,2.090878913001166,0.1774480030862469,-0.0016039726
baron-human,fa,35,0,157.14018099579292,2.2071591572664553,0.15450027063448205,0.010765319
baron-human,fa,40,0,143.49057726704888,2.319465582458924,0.14069988519360252,0.0012059385
baron-human,fa,45,0,135.66908510677052,2.347219919590637,0.1282928018589288,0.05711854
baron-human,fa,50,0,134.09663137638378,2.4378080966130695,0.10746997113761823,0.0543194
baron-human,fa,60,0,112.10422737885621,2.7251160661792078,0.08210127439130725,0.040284522
baron-human,fa,70,0,92.8463128274975,3.273874168018685,0.04877393486448985,0.04027222
baron-human,fa,80,0,81.13491964816065,3.540083980000683,0.04868900860783527,0.0222627
baron-human,fa,90,0,73.66935427861499,3.8340751027426707,0.048502859257714595,0.011129794
baron-human,fa,100,0,67.90327640592805,4.0079618874700484,0.045748256366275816,0.0015882512
baron-human,fica,2,0,1831.8559713979269,6.896119940132823,0.005106812896896006,-0.0785557
baron-human,fica,3,0,1626.7752634545325,3.9628101878328796,0.008404717947344233,-0.044454694
baron-human,fica,4,0,1093.0035565991589,4.075614637120685,0.008254140150660018,-0.037499085
baron-human,fica,5,0,1117.4383201196515,4.0978255617040915,0.0067461304208905875,-0.03182372
baron-human,fica,8,0,470.0719609310932,5.5880061912699714,0.015353024079494397,-0.100650795
baron-human,fica,10,0,357.48778200523293,3.8203049223588788,0.013293618727115198,-0.11017147
baron-human,fica,15,0,257.7626895113054,2.4985660678970403,0.03434336332232643,-0.12823243
baron-human,fica,25,0,143.58921210201186,3.031940858670029,0.05864232374987341,-0.16147967
baron-human,fica,30,0,121.9944654490193,3.16331718755443,0.06765604861502475,-0.17274572
baron-human,fica,35,0,115.11618369095257,3.247444409683496,0.07928374576361409,-0.19476448
baron-human,fica,40,0,101.8603972051919,3.43667910181314,0.0987362389057323,-0.20056409
baron-human,fica,45,0,92.4052076463491,3.625512952043574,0.10020609764942019,-0.21252708
baron-human,fica,50,0,83.95795477474815,3.8249554960402508,0.10791291709984029,-0.21627575
baron-human,fica,60,0,74.88177570406306,4.026712856387951,0.13599654832099203,-0.22118858
baron-human,fica,70,0,65.71954272473175,4.205061498754566,0.1519945758581542,-0.22710228
baron-human,fica,80,0,59.66385714719369,4.356213797793657,0.15485965221428577,-0.2346021
baron-human,fica,90,0,53.576834934029264,4.515507538854166,0.16803768322160198,-0.2314166
baron-human,fica,100,0,48.81417009997172,4.679370528763257,0.161064001939354,-0.22835036
baron-human,nmf,2,0,1625.4901253326905,11.920845728935543,0.004411869484940011,-0.11881705
baron-human,nmf,3,0,1558.545290183971,3.947561423548045,0.008543286736024511,-0.07041915
baron-human,nmf,4,0,1400.040933265918,3.749634477798572,0.00860830466329106,-0.035848614
baron-human,nmf,5,0,1402.0963568288985,3.891410862841059,0.00867473933015831,-0.01117146
baron-human,nmf,8,0,1085.0935219630037,4.771511411554281,0.013689594194164146,-0.023420673
baron-human,nmf,10,0,1045.5186419958834,4.628829195807753,0.012800891423208394,-0.019959968
baron-human,nmf,15,0,987.5571123018003,2.1741775365590637,0.03275985941451204,-0.010026857
baron-human,nmf,25,0,919.4990168701215,2.3642065956620484,0.045149755405459784,-0.022767382
baron-human,nmf,30,0,894.324220992184,2.1610240033867174,0.043890894179021964,-0.028315676
baron-human,nmf,35,0,855.6629398004291,2.0728753624253846,0.04038098346504697,-0.031518493
baron-human,nmf,40,0,845.5454897674057,2.0714539832979737,0.05648536671135153,-0.029122302
baron-human,nmf,45,0,817.6390579744249,2.1009491746744646,0.05434595541674182,-0.033415396
baron-human,nmf,50,0,825.3369992184712,1.9881174161696402,0.0800556507466896,-0.025378078
baron-human,nmf,60,0,776.5510881318877,2.0396168465499054,0.09364966055915404,-0.029534549
baron-human,nmf,70,0,752.5016006487486,1.8788020246645956,0.07495654063629342,-0.016987853
baron-human,nmf,80,0,745.284879718981,1.8007902390492647,0.07082997374671939,-0.014631211
baron-human,nmf,90,0,744.2212896112019,1.8576067570723285,0.07327736660588188,-0.01893948
baron-human,nmf,100,0,723.9167725011737,1.9024401550962433,0.06518814404432385,-0.026405228
baron-human,mctsne,2,0,2181.6289335756574,3.3984587510042537,0.063539356665723,0.2173479
baron-human,mctsne,3,0,1213.7393542300645,2.283502945567069,0.06285550230978552,0.18873146
baron-human,mctsne,4,0,952.896847858661,1.9781041040883065,0.107863048581838,0.17496458
baron-human,mctsne,5,0,870.0616132794595,1.8806393193709323,0.08494767633198307,0.21591826
baron-human,mctsne,8,0,846.2247156934686,1.6988268198376422,0.15531088313519592,0.21896051
baron-human,mctsne,10,0,822.6662192901332,1.67127714997128,0.14585271905311634,0.23674078
baron-human,mctsne,45,0,0.16529269722369508,10.45504935363988,1.9827760049792553e-06,-0.42741957
baron-human,mctsne,50,0,0.7566041319033776,9.886907706515098,6.834627501724568e-07,-0.7834326
baron-human,mctsne,70,0,1.2920246123037353,9.441904736193669,0.016932908707541976,-0.9506665
baron-human,mctsne,80,0,1.3100300386491286,8.66715175242186,1.3639654818623128e-06,-0.9607221
baron-human,lda,2,0,8779.902056228413,22.942849412715486,0.007909698908837259,-0.111485794
baron-human,lda,3,0,6799.10025893256,15.821591678192565,0.03473141157564162,-0.11361792
baron-human,lda,4,0,10230.560871908487,15.50600137122971,0.0175493791543552,-0.0073892106
baron-human,lda,5,0,8191.529431398413,4.1146769020771385,0.15227119154369825,0.2675629
baron-human,lda,8,0,6272.456528598648,4.744807624837664,0.06363775543076812,0.3239788
baron-human,lda,10,0,1526.9995957186325,2.780080199358997,0.08280986206742279,0.1826241
baron-human,lda,15,0,1732.2479359531546,1.2194570299997343,0.48326514824075134,0.4384591
baron-human,lda,25,0,928.6922350808713,1.3373154425865705,0.56845895754137,0.2786707
baron-human,lda,30,0,800.2754622376276,1.48374327143592,0.6599242554532956,0.24536218
baron-human,lda,35,0,826.6347195064852,1.4868854340698585,0.3499057756019753,0.26382917
baron-human,lda,40,0,612.1673643459844,1.4464092250651939,0.32978643027658217,0.24411356
baron-human,lda,45,0,684.6975360954082,1.3582854727640115,0.5819530520517247,0.22268583
baron-human,lda,50,0,775.4821715270228,1.2648884752982636,0.55792375091678,0.24871938
baron-human,lda,60,0,617.7024325166736,1.4853732714224088,0.4455957449889451,0.1872856
baron-human,lda,70,0,545.8342399891609,1.4440890507265745,0.660817841322569,0.23552166
baron-human,lda,80,0,592.6147294939605,1.412946714866201,0.5312948553346248,0.21728355
baron-human,lda,90,0,558.4613757123713,1.543414618933521,0.5620395520570779,0.16903651
baron-human,lda,100,0,481.6747458638201,1.7275820786649192,0.4618152012168858,0.21337473
baron-human,umap,2,0,5086.820966768531,3.087220360955031,0.12197099131133064,0.41137367
baron-human,umap,3,0,4020.686739049161,3.267038141963141,0.10532762075619503,0.41179922
baron-human,umap,4,0,3898.6574235539424,2.5305330455563775,0.15406829273086456,0.4198467
baron-human,umap,5,0,3653.450643112695,2.7936173592043034,0.13886564573621993,0.4063126
baron-human,umap,8,0,3278.2763510057007,2.4194649825002434,0.19042365832873598,0.41273007
baron-human,umap,10,0,2979.1326059654916,2.4084122375415227,0.15335359174935057,0.4053969
baron-human,umap,15,0,3193.3346386687667,2.387365501222301,0.2047745994162168,0.41450217
baron-human,umap,25,0,3220.8266270362824,2.2698782047241344,0.20088611313490776,0.4019694
baron-human,umap,30,0,3194.1356388376234,2.3018400131492127,0.23127911476515992,0.4077231
baron-human,umap,35,0,3008.0200305860026,2.282084300454256,0.1569048899642648,0.40283382
baron-human,umap,40,0,3219.46201830234,2.3591416177687825,0.20679506586032387,0.4088121
baron-human,umap,45,0,3274.975657037576,2.340206250238417,0.20419247384961514,0.4127764
baron-human,umap,50,0,3240.07774889282,2.2946575288043443,0.22311342788851546,0.41123086
baron-human,umap,60,0,3288.0784609242705,2.269666169179001,0.21135694563533292,0.4109279
baron-human,umap,70,0,3338.309580783942,2.3026075325854913,0.19416086110568676,0.41150302
baron-human,umap,80,0,3265.0571196568117,2.3552601944441305,0.2226792866905425,0.41175592
baron-human,umap,90,0,3230.051547046375,2.3368726513456055,0.23044649629566377,0.4121099
baron-human,umap,100,0,3229.9091356853505,2.2431854293120503,0.2246024113063566,0.41009158
campbell,pca,2,0,64.09361891216813,312.66978656683796,0.00017482223039198767,-0.406694
campbell,pca,3,0,103.81216994807326,35.265937182202094,0.003550648107925413,-0.32177767
campbell,pca,4,0,104.24490572170127,24.563021586970716,0.006539523485013716,-0.30380416
campbell,pca,5,0,143.49704598605572,22.740603581121988,0.001885773706621651,-0.2997881
campbell,pca,8,0,158.6486031395262,17.481817565394305,0.002662780556363218,-0.27268562
campbell,pca,10,0,153.26271467122282,15.290060450155956,0.0033450609460800454,-0.27517894
campbell,pca,15,0,147.12484076334815,11.213959061918247,0.005779497814243373,-0.2681513
campbell,pca,25,0,140.35268850302447,7.295192481804649,0.01234462667334992,-0.2501645
campbell,pca,30,0,138.82827607435686,7.060987365470852,0.013210468793438665,-0.24873391
campbell,pca,35,0,138.04677522839128,6.720439095479354,0.013674719894343868,-0.24579336
campbell,pca,40,0,137.57390402507556,6.4695525369346925,0.014169442282861898,-0.24284798
campbell,pca,45,0,137.20487853867786,6.3022560330601065,0.014762529958980655,-0.24106579
campbell,pca,50,0,136.93911640055583,6.2103721202306295,0.015154861979541688,-0.23924834
campbell,pca,60,0,136.38858351733654,6.062506955966081,0.01576443154845032,-0.23700699
campbell,pca,70,0,135.96850932996858,5.884966699020197,0.015994604311930487,-0.2350303
campbell,pca,80,0,135.6312194343126,5.796053456838862,0.01612812940717958,-0.23382147
campbell,pca,90,0,135.37167894654468,5.752059074120661,0.01630125524594943,-0.23284867
campbell,pca,100,0,135.1495624238895,5.734809360836287,0.01648756183643187,-0.23207262
campbell,lle,2,0,92.08020667527087,20263.74734914162,3.4886283060557293e-09,-0.3667162
campbell,lle,3,0,45.708622357556756,1090.9660975279792,7.453946159468237e-08,-0.41695994
campbell,lle,4,0,47.77640787118514,943.7621872559157,1.7383965600909312e-05,-0.20525391
campbell,lle,5,0,69.10560520391817,405.2518549793381,8.025813435911058e-05,-0.15103137
campbell,lle,8,0,178.96088250224682,78.3271720958422,6.311547988559362e-05,-0.3110075
campbell,lle,10,0,95.2446074179783,43.15256806711793,0.00027286353396291873,-0.44809934
campbell,lle,15,0,101.73900085585959,27.607758989584717,0.0010215842448477238,-0.3222373
campbell,lle,25,0,79.6786971553536,14.651797475132243,0.003886071425363109,-0.28635353
campbell,lle,30,0,86.66326295308974,12.018303588213387,0.00523615357296044,-0.2593853
campbell,lle,35,0,77.25760633708526,11.410029776823961,0.006149473355515437,-0.22876477
campbell,lle,40,0,69.43376306836653,11.179261420762154,0.0071331079131993404,-0.22926535
campbell,lle,45,0,68.3668429739161,11.207914283561806,0.006139096453020411,-0.24196897
campbell,lle,50,0,57.50121794689647,11.187997525927432,0.006668912677280571,-0.23685943
campbell,lle,60,0,54.7641493439926,10.460528126455301,0.006939134610306962,-0.25576046
campbell,lle,70,0,42.91111816603145,10.578258093240935,0.0084550987771253,-0.26231146
campbell,lle,80,0,45.75465418251449,9.961583867611282,0.008456963234194113,-0.25851035
campbell,lle,90,0,37.966683742520374,9.534669009703283,0.01524454191528495,-0.25869408
campbell,lle,100,0,37.02806413097956,9.488733680706074,0.012851166978151913,-0.26633683
campbell,isomap,2,0,321.5297178782766,25.179766614803007,0.008845126767006717,-0.22895718
campbell,isomap,3,0,353.0853690762406,19.749139064404844,0.011317318807368323,-0.20518224
campbell,isomap,4,0,317.4398030644619,14.016605035772862,0.019356896035772824,-0.1881314
campbell,isomap,5,0,288.5326201173678,12.088924632211686,0.02882992106565983,-0.18807046
campbell,isomap,8,0,286.8610135401203,11.15532821867555,0.014029222728492005,-0.16746552
campbell,isomap,10,0,276.2049233030307,9.660431423905527,0.01409865412783973,-0.16030231
campbell,isomap,15,0,253.55250652390913,7.984132373124565,0.01748576061741837,-0.15841928
campbell,isomap,25,0,234.3659071796444,6.847181679990075,0.02722346569918544,-0.14396144
campbell,isomap,30,0,227.82436249345096,6.561411301232168,0.02895428974779213,-0.14126194
campbell,isomap,35,0,222.22872869376033,6.48130124598701,0.029055649809441045,-0.14085445
campbell,isomap,40,0,217.77360879245083,6.425809777647329,0.029030190541161564,-0.14054866
campbell,isomap,45,0,213.74276190690142,6.3565510055818475,0.030193456928444013,-0.1393493
campbell,isomap,50,0,210.14422784706235,6.331760815702125,0.030562512505783887,-0.13856353
campbell,isomap,60,0,204.35958274238558,6.3547804207689245,0.030964294023690577,-0.13726954
campbell,isomap,70,0,199.64148971317871,6.337888529212653,0.03211224477376639,-0.13642362
campbell,isomap,80,0,195.61014339433888,6.3356224380667046,0.032616877174800885,-0.1358461
campbell,isomap,90,0,192.15728697727917,6.3387812895761835,0.033197998292103854,-0.13530171
campbell,isomap,100,0,189.1463732161381,6.367353591318193,0.03365689131453917,-0.1344076
campbell,umap,2,0,1802.1206635202923,18.948303012270614,0.014649953220162288,0.06516066
campbell,umap,3,0,2033.8273487575034,11.799007148802028,0.034264293031721675,0.11250828
campbell,umap,4,0,1807.5028880291666,10.35284085522302,0.05147925286579619,0.10415642
campbell,umap,5,0,1582.6431364359682,10.339291923688267,0.04411149932083101,0.08315197
campbell,umap,8,0,1523.143664486801,9.676685501464526,0.0412272771320814,0.094021015
campbell,umap,10,0,1578.4814788255571,9.968947347328347,0.04095135424918794,0.10132585
campbell,umap,15,0,1455.7388878014128,9.875989797581179,0.020672442455394596,0.09600468
campbell,umap,25,0,1479.598755127182,9.676931682158694,0.032495147834373087,0.098895475
campbell,umap,30,0,1561.5225113721704,9.958007994814002,0.03351808247051123,0.104230344
campbell,umap,35,0,1487.6211122123225,9.920514834845156,0.026772569170865488,0.1009469
campbell,umap,40,0,1509.0798018331523,9.71068153614096,0.03021713951692295,0.10347662
campbell,umap,45,0,1535.5586140569692,9.517260551897733,0.03477907407756806,0.103969865
campbell,umap,50,0,1600.8213308439072,9.806861926378764,0.04210977498245076,0.107788906
campbell,umap,60,0,1516.7261304847384,9.766996865980406,0.0363124693497464,0.102145284
campbell,umap,70,0,1596.2416071503233,9.66966281622015,0.03940096208406042,0.109300956
campbell,umap,80,0,1549.1362487844676,9.800201549654279,0.03188894335317274,0.10703479
campbell,umap,90,0,1575.3564225519112,9.731753627655499,0.0351742486585604,0.107673496
campbell,umap,100,0,1621.874730212561,9.574676743980564,0.034327073015286584,0.11152363
campbell,fa,2,0,155.6129870845362,63.383643322245824,0.0035041790575166096,-0.28003412
campbell,fa,3,0,129.5585849837084,27.52166549900482,0.012206699912932797,-0.3019943
campbell,fa,4,0,92.0069822565004,24.04933906667862,0.0156521397665384,-0.34887892
campbell,fa,5,0,70.98678481577134,22.402886484523094,0.016347460749163562,-0.36686584
campbell,fa,8,0,123.02574278919987,13.170861887430146,0.0056553028092668186,-0.26376262
campbell,fa,10,0,101.32031097222415,10.261202413014454,0.009694464908609472,-0.26913184
campbell,fa,15,0,80.4133200937335,8.044476249395464,0.016043517833115143,-0.2511347
campbell,fa,25,0,49.5562897986192,7.446723089910058,0.016918846775527432,-0.26635626
campbell,fa,30,0,52.30520781517907,6.264536355361114,0.027894210983759733,-0.24311115
campbell,fa,35,0,55.99335422941999,5.285468403270327,0.028521969319485946,-0.2339246
campbell,fa,40,0,50.878737888112795,5.143476704049472,0.024001128543235536,-0.23595077
campbell,fa,45,0,45.073488424974954,5.395724675516265,0.022876014087963255,-0.24189165
campbell,fa,50,0,44.28446877903262,4.82032445067921,0.02465123155694376,-0.23612398
campbell,fa,60,0,41.85066235208412,4.420932139939458,0.028177884649126853,-0.2329772
campbell,fa,70,0,41.5015142556727,3.9622554203080274,0.039458558249586335,-0.22849728
campbell,fa,80,0,38.957935568597854,3.9547749842412894,0.040485562808556155,-0.24107987
campbell,fa,90,0,36.6454414558022,3.9332601397148315,0.04288963900201337,-0.23146014
campbell,fa,100,0,35.43311241152095,3.8395410102364558,0.04265980620318513,-0.23138492
campbell,nmf,2,0,39.60181777613301,163.85807683642423,0.0014292806849422234,-0.43753177
campbell,nmf,3,0,111.20878176962724,36.34500647545044,0.00557238519342835,-0.3248097
campbell,nmf,4,0,114.23699118658807,23.596124699599525,0.008876351599372135,-0.2913921
campbell,nmf,5,0,172.57984953234143,22.909967941898785,0.0016625456525895352,-0.28694183
campbell,nmf,8,0,172.8228943242398,15.730335765366508,0.0026031550791964435,-0.2631689
campbell,nmf,10,0,154.60914701587524,13.041267585212768,0.004615628535936004,-0.28051874
campbell,nmf,15,0,141.87778097082526,10.075297742536092,0.00392730295437484,-0.2849231
campbell,nmf,25,0,137.51968388153574,5.674838353894631,0.014058517912325673,-0.24094084
campbell,nmf,30,0,137.72955417319315,5.533312968806669,0.015537010166391904,-0.24178725
campbell,nmf,35,0,146.02094814528422,5.504347118150053,0.020139673515978434,-0.22487712
campbell,nmf,40,0,140.0733353922779,5.466552108455338,0.019143677430042094,-0.22406271
campbell,nmf,45,0,140.58335346630207,5.225211503134185,0.018274934282971795,-0.22393845
campbell,nmf,50,0,144.1197011076899,5.1312920955153585,0.02129876029073831,-0.20603593
campbell,nmf,60,0,142.7308628875679,4.809547351413879,0.01879248196877858,-0.22016715
campbell,nmf,70,0,139.88747335673966,4.735393648252853,0.017852662496943405,-0.22109452
campbell,nmf,80,0,137.30026965961292,4.6208196005888675,0.018292162769943224,-0.2021716
campbell,nmf,90,0,131.82447831204533,4.606390307519805,0.0217608231342789,-0.19231759
campbell,nmf,100,0,128.70772124148448,4.621105046060139,0.025182514365138325,-0.19112024
campbell,mctsne,2,0,753.3554133467267,26.373686242052695,0.012272850307992179,-0.14762016
campbell,mctsne,3,0,763.1677264810189,16.44459610467326,0.031965489811244724,-0.034355238
campbell,mctsne,4,0,580.9983966082228,10.404291868746407,0.0711695934176571,-0.03388745
campbell,mctsne,5,0,532.3491859816298,10.162905199409792,0.04886111660160168,-0.023382198
campbell,mctsne,8,0,510.98626049338117,8.73867824639442,0.07203576047843724,-0.011476734
campbell,mctsne,10,0,477.62969057843736,9.045950001672995,0.07530378586184154,-0.003359742
campbell,mctsne,70,0,0.8363469089496532,6.710666480117165,3.514931031708312e-07,-0.96543056
campbell,mctsne,80,0,1.0983511116282934,8.491760038972428,0.018238693632369015,-0.9616718
campbell,mctsne,100,0,2.181429246151171,11.030712471018958,0.04137229225956812,-0.88857627
campbell,fica,2,0,66.11185601933667,313.30018913812296,0.00017568064051719432,-0.40536967
campbell,fica,3,0,116.14251533697012,33.711107984753795,0.003743379830641682,-0.31335315
campbell,fica,4,0,113.62521825206306,22.68483891011479,0.007321112389705844,-0.2960169
campbell,fica,5,0,183.98174998245645,20.415884853245384,0.001665946997709168,-0.2902182
campbell,fica,8,0,197.84780375800895,16.254864766999894,0.0029148504267699584,-0.25554773
campbell,fica,10,0,163.20265614727484,11.734927955798561,0.005375559182855248,-0.27379313
campbell,fica,15,0,126.82219641772157,7.5912913853048005,0.005990945541780951,-0.26547748
campbell,fica,25,0,99.58906276523513,5.197350845760248,0.019822081362160616,-0.22690089
campbell,fica,30,0,84.99168121145203,4.849278096785286,0.02469721371838299,-0.22676998
campbell,fica,35,0,79.27550447694597,4.469361614634294,0.03079501692995082,-0.21662074
campbell,fica,40,0,76.98024839842735,4.207235096063904,0.041743262732363166,-0.2033866
campbell,fica,45,0,75.04859576072664,4.21310132588461,0.04392845144050474,-0.19964314
campbell,fica,50,0,73.54228456047093,4.16173987977014,0.05129685103062014,-0.18796815
campbell,fica,60,0,67.38630702677648,4.096835367114325,0.060179265277668724,-0.17589615
campbell,fica,70,0,62.39944602826632,4.105895958683703,0.06348783678402876,-0.16454807
campbell,fica,80,0,58.024760368912204,4.191527833229264,0.06966481751160475,-0.15889333
campbell,fica,90,0,54.45002471819237,4.297775403638983,0.07334543071816792,-0.1554854
campbell,fica,100,0,50.90801638230762,4.408444558604177,0.07526354190679095,-0.15338592
campbell,lda,2,0,15977.821574025764,255.0837674158921,0.0002838960412970175,-0.026979143
campbell,lda,3,0,2923.0896150153812,40.407862605609715,0.003461168356531988,-0.007875063
campbell,lda,4,0,1577.249407113119,33.400559873835554,0.0035973053743864523,-0.02894801
campbell,lda,5,0,2032.5431677875483,14.21990489683355,0.004206563967029407,0.028514672
campbell,lda,8,0,545.9802427549779,9.362997964101568,0.04175185972056187,-0.052293807
campbell,lda,10,0,442.09333758929523,12.720435588361521,0.030586686931992232,-0.08075907
campbell,lda,15,0,341.23753338787446,8.685770024396495,0.05021764677325993,-0.045183346
campbell,lda,25,0,363.60467502390077,4.626401918967602,0.13148090011588698,0.032809705
campbell,lda,30,0,257.94480902283294,5.0381224435947685,0.10629153511510987,-0.0059197354
campbell,lda,35,0,251.68355765214335,4.518244236711559,0.1244606478813868,0.0025595883
campbell,lda,40,0,231.41770008892442,4.104496585367062,0.11696893597946766,-0.011665817
campbell,lda,45,0,193.4833988550468,4.226863543972273,0.12311069175504413,-0.030752612
campbell,lda,50,0,244.86535137763582,4.257602065264618,0.14267177504147419,-0.026442569
campbell,lda,60,0,196.89740435693878,3.704205154465869,0.18470346782944067,-0.019801006
campbell,lda,70,0,221.3559621717359,3.8514475028051884,0.18628530924085565,0.005053687
campbell,lda,80,0,285.3590686648118,3.84466018382412,0.18206503200297688,0.03807947
campbell,lda,90,0,195.82264255383268,3.9313338795514077,0.1659796797826833,-0.019275898
chen,pca,20,0,155.23153558266975,6.368656661518881,0.016895637929865467,-0.12455213
chen,pca,2,0,275.0484179498798,77.00465753154882,0.0018805606136229388,-0.26571697
chen,pca,3,0,200.7712069518535,40.029356385623416,0.004110548800651531,-0.23590651
chen,pca,4,0,197.70462506845607,27.02633886316741,0.005521292397084779,-0.210187
chen,pca,5,0,196.80844629015456,24.396342009327356,0.0026015793662858455,-0.21042717
chen,pca,8,0,171.77370098487182,18.97994950040482,0.0029827288648064726,-0.18882199
chen,pca,10,0,164.795889887745,13.430160410337539,0.0060056516280897615,-0.17230289
chen,pca,15,0,156.8976680006221,9.683369088235791,0.0075872375984959665,-0.15573953
chen,pca,25,0,153.67352200436545,5.821185255291598,0.019659517460393277,-0.10038303
chen,pca,30,0,151.92586301582406,5.236081661207748,0.02178966971524965,-0.09441341
chen,pca,35,0,150.65945162154148,4.77949513841894,0.022868472437370727,-0.087488756
chen,pca,40,0,149.94598454540872,4.38234232434802,0.028409009829390854,-0.07979867
chen,pca,45,0,149.26750738104897,4.266534922605387,0.029457844288477995,-0.07684374
chen,pca,50,0,148.6686607262263,4.235682691480802,0.02980191215498878,-0.07597423
chen,pca,60,0,147.90267890018825,4.147857521586345,0.030258556093161026,-0.07337406
chen,pca,70,0,147.2523456350575,4.0991667405078465,0.030603183205254333,-0.07050799
chen,pca,80,0,146.75382707275344,4.058391993746536,0.03133248115172222,-0.06912588
chen,pca,90,0,146.315641174323,4.032352994339576,0.03156912372438859,-0.068496704
chen,pca,100,0,145.94311213490064,4.018587264946182,0.03193026630526045,-0.067639664
chen,isomap,2,0,666.0465560869127,20.71357181247656,0.016673903923516992,-0.14790405
chen,isomap,3,0,543.7267396295503,15.54760385846122,0.01488007000650064,-0.09099802
chen,isomap,4,0,482.87845849632964,11.221177777546313,0.025337328039005222,-0.08390469
chen,isomap,5,0,461.57425132439124,10.341824102940913,0.031152261918078874,-0.06047343
chen,isomap,8,0,405.29587891447886,8.48816139128728,0.02105105210032869,-0.026226562
chen,isomap,10,0,379.11742169241865,7.715723687963484,0.022133488077664885,-0.007958437
chen,isomap,15,0,337.5354015769153,5.676235601779791,0.03309625638227709,-0.0051533254
chen,isomap,25,0,304.348213527033,4.754591107005694,0.043123738032734296,0.012704256
chen,isomap,30,0,294.9029120732591,4.636859912556637,0.04846656585427619,0.017656522
chen,isomap,35,0,286.0852835129396,4.505947457396019,0.05720852030997458,0.01730492
chen,isomap,40,0,278.99013180308657,4.410251324343106,0.058289090052503614,0.015553273
chen,isomap,45,0,273.038345247591,4.320693570179,0.05953144805916529,0.015551599
chen,isomap,50,0,267.9212154193599,4.256598661293461,0.061714440269848056,0.015687792
chen,isomap,60,0,259.34487844891737,4.146415303694421,0.06598085853477642,0.016728513
chen,isomap,70,0,252.77566877993755,4.093664058904109,0.06830034933660489,0.016094143
chen,isomap,80,0,247.20217140296435,4.0551091900389284,0.06924681716043096,0.016123911
chen,isomap,90,0,242.48660283966169,4.039776894743573,0.07182569950409924,0.016725441
chen,isomap,100,0,238.3725073180618,4.037779126983678,0.07223486092973117,0.015975386
chen,lle,2,0,4897.206859059595,347.2971261198194,1.7577255394804734e-09,-0.4012541
chen,lle,3,0,4712.05359687174,3285.363829682432,0.0,-0.38798198
chen,lle,4,0,532.095816991088,134.3923671422215,2.157380006765195e-07,-0.38968074
chen,lle,5,0,707.9208211605363,60.680647362367765,5.457623858975271e-05,0.02984842
chen,lle,8,0,862.2446719435792,21.211358284733794,0.00015678294364892883,0.11924308
chen,lle,10,0,672.7180308277397,17.845793966471923,0.0003664497030238811,0.2526166
chen,lle,15,0,257.8186036743719,52.426585771569755,0.0010116329526619159,0.29745483
chen,lle,25,0,138.8609286637558,14.307805334294839,0.003585397337971669,-0.006614973
chen,lle,30,0,110.68257534299956,10.362046292684227,0.005324634024362086,-0.049002632
chen,lle,35,0,92.267534841458,10.445793174819894,0.0041487283441520905,-0.09885822
chen,lle,40,0,77.16979540180834,9.166854724779352,0.005303413120928365,-0.11651443
chen,lle,45,0,71.98559188325906,7.795142557894189,0.005194970423456398,-0.11503158
chen,lle,50,0,64.11047501356839,7.798815654014818,0.005223169289849529,-0.14046577
chen,lle,60,0,55.89687589556193,6.840164435945222,0.008144664920070474,-0.16467203
chen,lle,70,0,52.02090996093052,6.415985741803604,0.01105134754468287,-0.22374865
chen,lle,80,0,46.69849549904566,6.038396618483275,0.014528789941930227,-0.22524755
chen,lle,90,0,45.916558138611904,5.736611248800992,0.01845281499520054,-0.20342046
chen,umap,2,0,1664.2431832876598,11.36261369109482,0.016753787107997613,0.17927863
chen,umap,3,0,1952.6621610101638,9.290252860808897,0.0200177650995449,0.17881925
chen,umap,4,0,1775.1809687730427,8.240726694614414,0.021319552525284505,0.19573681
chen,umap,5,0,1711.1926195827714,7.9794543868434555,0.02016997825645325,0.18678397
chen,umap,8,0,1723.4614088588032,7.608005607144689,0.03039956714083584,0.18732446
chen,umap,10,0,1588.00886957214,7.852586502078942,0.024216225085009733,0.18273546
chen,umap,15,0,1681.0351404249402,7.774472695285918,0.03210816225863345,0.19230144
chen,umap,25,0,1699.3583004808177,7.535180811510442,0.029898772050709975,0.19151714
chen,umap,30,0,1693.5225581414636,7.632611573960656,0.03385923616739544,0.18572453
chen,umap,35,0,1684.5630065655614,7.491019578342282,0.030356503482847824,0.18186766
chen,umap,40,0,1699.742387066586,7.581663302979901,0.03804517604599378,0.19060312
chen,umap,45,0,1735.0907599438726,7.571870881317292,0.03644117374734572,0.19648048
chen,umap,50,0,1712.780048648084,7.430979118678282,0.0398038403977305,0.18275388
chen,umap,60,0,1725.9698715348488,7.814849931082316,0.028150021670842563,0.18139578
chen,umap,70,0,1737.8159740699916,7.340263547693667,0.041572494164639096,0.19973081
chen,umap,80,0,1726.9402433289954,7.491531744830561,0.038156385997723155,0.19794396
chen,umap,90,0,1487.136372529158,7.665856179663538,0.03663873477912916,0.18843551
chen,umap,100,0,1683.1715673502147,7.530563573385097,0.0278581185534535,0.18982476
chen,fa,2,0,96.37603638777158,49.2159306289728,0.008788121348542637,-0.28809687
chen,fa,3,0,92.00983942915309,31.105926171303686,0.014041663148526024,-0.22160153
chen,fa,4,0,138.0057706727358,23.593021805894505,0.015338253608695802,-0.15081333
chen,fa,5,0,143.02909146018482,17.6087547168481,0.020979445947439192,-0.073591776
chen,fa,8,0,189.5535600377606,11.105669662911213,0.026195652727174758,-0.005632904
chen,fa,10,0,146.8243836856833,11.005307723388517,0.021938150419445884,-0.033138487
chen,fa,15,0,127.86023322641722,5.526878314129339,0.03682200339373371,0.08566633
chen,fa,25,0,94.85841695669512,4.67901487744153,0.04520047540420471,0.06383342
chen,fa,30,0,95.86088483219083,4.7503700366907715,0.031822902590562,0.054311458
chen,fa,35,0,86.72559032579316,4.268100681985791,0.043696950469812,0.061142743
chen,fa,40,0,76.11457310051735,3.8244652876325085,0.05829958893426157,0.06679486
chen,fa,45,0,71.64226192044914,3.622543658582154,0.05989316319170122,0.09368639
chen,fa,50,0,68.48974002091761,3.3941461064135616,0.059628928209892795,0.060298897
chen,fa,60,0,62.94103025919494,3.1817434879000923,0.07549654795366008,0.086095706
chen,fa,70,0,55.789816554109386,3.1674073086855272,0.08129086568987931,0.043303363
chen,fa,80,0,50.57762640305508,3.187537319840604,0.09114845464255601,0.046168003
chen,fa,90,0,45.229029416708876,3.15983205655999,0.09581818549433517,0.01117294
chen,nmf,2,0,256.3180358770819,62.53237489983351,0.003221709847043387,-0.26269707
chen,nmf,3,0,135.84585558136632,47.609777856418184,0.004716531352235008,-0.27070302
chen,nmf,4,0,182.15323377332692,35.63420879790729,0.003558021909115047,-0.20002092
chen,nmf,5,0,184.24832633647048,33.21318471687279,0.0012689688097751515,-0.20334707
chen,nmf,8,0,130.63973039695975,18.69743242166686,0.0020970958966021287,-0.18110138
chen,nmf,10,0,123.00090622547386,13.3306169892479,0.00422505326555327,-0.1707445
chen,nmf,15,0,115.30301974201655,9.37092248278869,0.005653918835353014,-0.15823255
chen,nmf,25,0,117.12469561493315,4.776424217196492,0.018231150557008677,-0.014369138
chen,nmf,30,0,106.83580365519312,4.185648233736866,0.023860911095788098,-0.0064887446
chen,nmf,35,0,106.54885054154637,3.766895852643887,0.026453957379615645,-0.020354576
chen,nmf,40,0,115.33102580475361,3.690639835833623,0.04059523438364405,0.014760429
chen,nmf,45,0,114.52906300635004,3.7025722077554266,0.04403378218674554,0.012868227
chen,nmf,50,0,112.16140903086416,3.748245621150294,0.040130362459226666,0.0027536424
chen,nmf,60,0,105.84377610939548,3.60792248929438,0.03882324034312884,-0.020083733
chen,nmf,70,0,105.49530716813408,3.475099180041568,0.040149737703578575,-0.016626874
chen,nmf,80,0,105.58697081507286,3.4225745606163365,0.035008419203430084,-0.017258594
chen,nmf,90,0,107.88777271002112,3.4729718350659735,0.036746788254207165,-0.0045070606
chen,fica,2,0,214.98230150686828,90.9467204582852,0.0014151801883561025,-0.26126945
chen,fica,3,0,127.9873111404815,42.18203908789768,0.0032871598568038527,-0.22708488
chen,fica,4,0,140.06946136969873,26.043030421335928,0.00525378106984521,-0.20137559
chen,fica,5,0,148.95313597965276,23.27250893844662,0.001996156384378107,-0.20156601
chen,fica,8,0,110.12222586640475,15.3825756461041,0.0029229750004528456,-0.18962242
chen,fica,10,0,99.88255568422778,9.419097046627627,0.005972014762286807,-0.16094594
chen,fica,15,0,88.41936441553293,6.780308182149902,0.010810954454771548,-0.16499205
chen,fica,25,0,93.61137178911186,4.121838518518567,0.027689539774953077,-0.048096497
chen,fica,30,0,85.66368610425035,3.585919641158552,0.04985172659174858,-0.05111264
chen,fica,35,0,80.83381568695181,3.411250017367862,0.06444729440141092,-0.046647783
chen,fica,40,0,78.44086457768289,3.289934402063197,0.07372618601821346,-0.029026384
chen,fica,45,0,73.43212109676,3.2838699231016286,0.07769832005983743,-0.027323771
chen,fica,50,0,68.10171982540642,3.2876586274012722,0.08200759863928593,-0.04172745
chen,fica,60,0,62.89220368373258,3.3008267166410103,0.0842521659168387,-0.06196519
chen,fica,70,0,57.304613170402426,3.3501926813531804,0.0941579644296666,-0.07870787
chen,fica,80,0,53.21987127574488,3.4100534601986174,0.08941306907288525,-0.09461238
chen,fica,90,0,49.33409511481048,3.5002456441549725,0.08384164216339732,-0.107192315
chen,lda,2,0,4873.5200875886,128.98287654484133,8.303992865731498e-05,-0.054525394
chen,lda,3,0,3039.468590827637,41.640095643593355,0.00015899433374899047,-0.015003703
chen,lda,4,0,3485.0982613937585,15.63044279928487,0.0038394337889467093,0.10001535
chen,lda,5,0,1445.2158468411817,17.47514923187912,0.022552278242879222,0.1256647
chen,lda,8,0,2176.7556342221314,11.997509783956128,0.015910095399787386,0.17024799
chen,lda,10,0,2713.5837121617396,10.817556172026267,0.01985078987886999,0.23826207
chen,lda,15,0,1185.1832661279125,7.431831460776875,0.0775615448296221,0.2763382
chen,lda,25,0,889.3848424781236,4.343577266301325,0.15027586162322137,0.30124444
chen,lda,30,0,1051.7394335157624,4.112007133447058,0.1755336352938331,0.33279875
chen,lda,35,0,670.4485562895717,5.238246463801523,0.12712894205292216,0.25027463
chen,lda,40,0,740.9180015826743,4.709133942643422,0.14522905564684113,0.28057083
chen,lda,45,0,860.7652836493572,4.367665313172837,0.12814988849608708,0.32214102
chen,lda,50,0,832.1956612963219,3.020907575275139,0.2806138052728006,0.31689864
chen,lda,60,0,722.9465756016617,3.951167969955802,0.16463198823199618,0.27859494
chen,lda,70,0,603.4736581758153,3.6888608700833054,0.17155617984637575,0.25400963
chen,lda,80,0,680.9673520129684,3.630660065350526,0.2134462390107344,0.29363063
chen,lda,90,0,496.04587976770654,3.3880111180691,0.22513312286403867,0.23542628
chen,mctsne,2,0,1217.1483494113106,13.112762519504418,0.036463259521521386,0.068555556
chen,mctsne,3,0,814.3244590259199,10.295591126978925,0.03064278526146527,0.102943964
chen,mctsne,4,0,846.2636676278688,9.69500787783947,0.02441459654579159,0.12345554
chen,mctsne,5,0,831.5072458670763,7.848604306945764,0.06524827761194933,0.14429562
chen,mctsne,8,0,769.7297243868923,6.000851797715861,0.10296573630662025,0.15630087
chen,mctsne,10,0,775.6293851735416,5.644974255802799,0.12187835911010775,0.15694031
chen,mctsne,45,0,0.085196126113886,2523.465729582249,1.4085785315907051e-08,-0.76150286
chen,mctsne,70,0,0.7971706611902679,151.92603512388905,2.557356798086268e-09,-0.9354973
chen,mctsne,50,0,0.4721083209154165,294.9349875711144,5.254251091800054e-09,-0.64237535
chen,mctsne,80,0,0.9567281350515686,8.814282364961187,7.955435945502982e-08,-0.9457538
marques,umap,2,0,480.4111780301266,9.426551499627749,0.025359607321659112,-0.15752523
marques,umap,3,0,477.5896953262646,5.291346772120589,0.1262075157685601,-0.15429756
marques,umap,4,0,476.4318562859765,5.334856024729152,0.11378685210880228,-0.15322675
marques,umap,5,0,469.4714294031136,5.405766786608055,0.1046837740217803,-0.15327634
marques,umap,8,0,466.1720556560161,5.333491994019251,0.11680465823151306,-0.15202591
marques,umap,10,0,461.56087259228866,5.452399422953166,0.10355594779697791,-0.15399306
marques,umap,15,0,464.76247481940976,5.742859824284224,0.09042346481121967,-0.15185799
marques,umap,25,0,470.9063143281763,5.441729682313855,0.10496519101213808,-0.153925
marques,umap,30,0,469.1538160803093,5.407006195086369,0.10669802121680338,-0.15297844
marques,umap,35,0,458.8576658167,5.438618953828916,0.10728620879241474,-0.15215701
marques,umap,40,0,467.6960779179372,5.5772297849645245,0.09669570784729825,-0.15301225
marques,umap,45,0,470.49808464116376,5.43743528057052,0.1040174199026547,-0.15487562
marques,umap,50,0,465.32971773733624,5.2796658783146615,0.12245332121365952,-0.15268365
marques,umap,60,0,463.49053755805016,5.5753405460419385,0.0988104869269707,-0.15238194
marques,umap,70,0,465.1952452148885,5.312006243263464,0.12395255611411145,-0.15204448
marques,umap,80,0,470.7008070225726,5.448262955150745,0.10587432604557508,-0.15241393
marques,umap,90,0,469.7083914499238,5.533984825985921,0.10039169098195422,-0.15258905
marques,pca,2,0,267.20896547087455,6.842638938483367,0.0335001385996728,-0.18964352
marques,pca,3,0,267.8816271481002,5.6886334244242205,0.07201503664248458,-0.17022385
marques,pca,4,0,267.45401836679184,5.09363799977449,0.08845774072277107,-0.15216479
marques,pca,5,0,265.97060026163155,4.978258741851381,0.0906216290643399,-0.14541557
marques,pca,8,0,262.0858433673275,4.879813857007044,0.09271721192253156,-0.13956632
marques,pca,10,0,260.9117756435616,4.823291989584336,0.09390321534645404,-0.13705859
marques,pca,15,0,259.2010713827289,4.665156900452319,0.09460945995132977,-0.13192847
marques,pca,25,0,257.0915014001144,4.65938002483148,0.09487952854638194,-0.12992647
marques,pca,30,0,256.5009020594822,4.66025260113282,0.09485678401930628,-0.12936337
marques,pca,35,0,256.05753572820106,4.663668750392757,0.09477771084051013,-0.1290404
marques,pca,40,0,255.72934596993443,4.665956459102481,0.09482087704621003,-0.12876318
marques,pca,45,0,255.46542395388036,4.667152602281687,0.09477575214035663,-0.12851618
marques,pca,50,0,255.24294560320035,4.669975969387037,0.09472091576195571,-0.12832572
marques,pca,60,0,254.86322459296346,4.674771122209034,0.09465724910595355,-0.12801649
marques,pca,70,0,254.55320374065425,4.678882354311492,0.09461613107239855,-0.12779903
marques,pca,80,0,254.29494360393835,4.683920478148581,0.09455910126231663,-0.12764767
marques,pca,90,0,254.07729061743504,4.688040549418352,0.0945448322824108,-0.12752864
marques,isomap,2,0,293.8032150559384,5.493590960268806,0.08905580712640279,-0.17700276
marques,isomap,3,0,276.15017998269667,5.700259105241819,0.08491070326009782,-0.168597
marques,isomap,4,0,270.11900207986827,5.74465147793099,0.08292076055009642,-0.16020872
marques,isomap,5,0,264.0527885448547,5.824575607533211,0.08249162902955902,-0.15258022
marques,isomap,8,0,254.8394856623376,5.387797710532862,0.0943507480896377,-0.12950872
marques,isomap,10,0,248.27727460534032,5.439906145315214,0.09429211711330264,-0.12393775
marques,isomap,15,0,236.44650842541463,5.518895428170258,0.09481110563901217,-0.1184564
marques,isomap,25,0,222.84619078900934,5.580109050839842,0.0928384286829425,-0.108784795
marques,isomap,30,0,218.7120833449056,5.559640572256814,0.09208048843455262,-0.10498542
marques,isomap,35,0,215.07521013168397,5.59385015664938,0.09161482697430669,-0.103032574
marques,isomap,40,0,212.01116201296603,5.61873270105084,0.09107881588917131,-0.1013631
marques,isomap,45,0,209.32372433125792,5.631458886936898,0.09071375792036789,-0.100376986
marques,isomap,50,0,206.99258747620158,5.667570884524488,0.09016616779516365,-0.09928544
marques,isomap,60,0,203.11783493924474,5.675824141700253,0.08970841135726786,-0.09718904
marques,isomap,70,0,199.90035283121566,5.7046956298951494,0.08918208750440733,-0.09572905
marques,isomap,80,0,197.20163091806268,5.734814728291472,0.08873280592730823,-0.09433237
marques,isomap,90,0,194.84876404612518,5.768644703039849,0.08840769109952361,-0.09354346
marques,lle,2,0,586.1045069548718,11.400831275770928,0.0424155141637249,-0.23506196
marques,lle,3,0,290.5210103181248,9.36204503106724,0.03323684754635973,-0.17998551
marques,lle,4,0,223.9389699277206,7.393023576465122,0.02595024665857876,-0.1791888
marques,lle,5,0,219.32666566112977,5.774677881559825,0.046821954915722594,-0.16426717
marques,lle,8,0,155.69560901421085,6.293982090422691,0.051027202603192656,-0.11131201
marques,lle,10,0,123.04934650280849,6.181594110242599,0.15388666681794166,-0.09212286
marques,lle,15,0,80.02932667553476,7.21798959285072,0.12254286980169418,-0.067544214
marques,lle,25,0,49.28770431097391,7.539991822106989,0.1081486006098786,-0.04538834
marques,lle,30,0,40.951499933335974,8.141356947096181,0.11388260431591708,-0.051986214
marques,lle,35,0,35.433866970465516,8.53772436111216,0.08520705925973644,-0.06885799
marques,lle,40,0,37.82687840915318,8.400062535832017,0.07093697291321906,-0.058924124
marques,lle,45,0,34.037101882949074,8.618676490646944,0.07788549481432964,-0.05435958
marques,lle,50,0,30.96374520802186,8.843140293102799,0.0767418730729067,-0.051372033
marques,lle,60,0,27.27232225752672,8.980539133436194,0.08602823447519543,-0.03707767
marques,lle,70,0,24.069346463677793,9.441222150456472,0.0868420592268811,-0.052138675
marques,lle,80,0,21.814390553799235,9.751877545050872,0.08653087276722206,-0.053860463
marques,lle,90,0,19.832964666444006,9.967189042097525,0.07354833023136047,-0.069226414
marques,fa,2,0,111.38855287777062,15.73089729901243,0.028909377709369313,-0.1805116
marques,fa,3,0,161.7055444099055,5.1053331069888594,0.12239612409659263,-0.12258838
marques,fa,4,0,207.4783680459515,4.078447709368502,0.1614454355970023,-0.07424418
marques,fa,5,0,160.97276387639636,4.173261703595531,0.14712671460293988,-0.09162548
marques,fa,8,0,209.89653941512805,3.391819588997211,0.18520412221261084,-0.032848675
marques,fa,10,0,160.58717775880385,3.3823613364899137,0.18961943687868232,-0.032166053
marques,fa,15,0,108.4548784124102,3.5239583165524424,0.2221228275784651,-0.03254887
marques,fa,25,0,71.76767935758988,3.7562616922897565,0.18526856949816964,-0.039320312
marques,fa,30,0,62.458609021038804,3.8522787602311745,0.18371215119359827,-0.026194626
marques,fa,35,0,53.21147326495858,3.9924688973245344,0.17208226006221886,-0.04142966
marques,fa,40,0,45.671686836833075,4.103406402589594,0.1480733359310495,-0.049758803
marques,fa,45,0,40.99387761933489,4.102918872817216,0.15645765794178776,-0.062103454
marques,fa,50,0,37.346746400677446,4.2386722120807185,0.15407909095725947,-0.06867843
marques,fa,60,0,31.590493953561968,4.363832911553043,0.1320403321364867,-0.08530172
marques,fa,70,0,27.066659463850097,4.435355888236693,0.1277510634195728,-0.091330506
marques,fa,80,0,24.036915644320384,4.580153217377003,0.11616646586334235,-0.10383666
marques,fa,90,0,21.539611462939476,4.641088517598931,0.10745864037017268,-0.11048124
marques,fica,2,0,241.48453358486316,6.934939353596142,0.04353839813603259,-0.1898788
marques,fica,3,0,266.02812630637237,4.1938750765041455,0.12421986675235558,-0.12270147
marques,fica,4,0,255.15417282683444,3.0514336819037955,0.15542858913196392,-0.09528518
marques,fica,5,0,214.0535924960099,3.443521385003293,0.2159606454864691,-0.07404267
marques,fica,8,0,133.2282702345739,3.647696632292404,0.234207351168676,-0.091800466
marques,fica,10,0,115.40213477857125,3.56223073011447,0.2591519860193231,-0.099609874
marques,fica,15,0,97.72123086077362,3.651784093804979,0.23275939370286305,-0.109586045
marques,fica,25,0,67.38119580448696,3.9847538846118464,0.20556276769035295,-0.08772694
marques,fica,30,0,59.55724408979778,4.266539427906621,0.187648077071298,-0.09660852
marques,fica,35,0,52.66274385920882,4.580165744922439,0.17010305313268695,-0.10637796
marques,fica,40,0,47.486586392113225,4.819759286844714,0.16413508791163525,-0.09994607
marques,fica,45,0,43.370469398440555,5.073578409936147,0.15501291241950757,-0.09795972
marques,fica,50,0,40.01713398278704,5.345417390970974,0.1460395127202098,-0.09548296
marques,fica,60,0,34.73159773322334,5.72040245177393,0.1358194936930816,-0.09446742
marques,fica,70,0,30.688081448294355,6.1037241409088905,0.12813858974684547,-0.09642983
marques,fica,80,0,27.334664624284617,6.494782667412502,0.12000830205228437,-0.10067468
marques,fica,90,0,24.62391366583512,6.860952019007032,0.11695854451105157,-0.10222374
marques,nmf,2,0,258.2530703767535,7.5873329468830555,0.024044905885799973,-0.19196178
marques,nmf,3,0,278.80761019549294,5.879243643656551,0.062434373113357644,-0.1605415
marques,nmf,4,0,271.6021138678109,3.9828443027605633,0.10850074053659405,-0.13222475
marques,nmf,5,0,253.91024779100766,3.7597910899320057,0.13643042018400786,-0.09677169
marques,nmf,8,0,217.8521278478964,3.6443815551365333,0.1598443332356267,-0.107893296
marques,nmf,10,0,206.0266145183426,3.3695324232323025,0.20925762553873128,-0.1015165
marques,nmf,15,0,223.34104367849378,3.605914127987155,0.1631985982174037,-0.08739053
marques,nmf,25,0,167.2210060806951,3.8578418870464484,0.1365940817958134,-0.061398245
marques,nmf,30,0,178.96610462451395,3.8645872124052536,0.12642262376761454,-0.05985502
marques,nmf,35,0,168.7439042065125,3.952962389161509,0.11494725766778797,-0.06931469
marques,nmf,40,0,165.21418936626335,4.085606958280878,0.1230497044188543,-0.07737027
marques,nmf,45,0,168.63556049059588,3.8624804452376065,0.1404991535552196,-0.06008181
marques,nmf,50,0,154.14924152873667,4.213371825454012,0.11095392462474424,-0.06606259
marques,nmf,60,0,158.30883125063488,3.7412973957113356,0.16404159120728162,-0.06008707
marques,nmf,70,0,112.12345866198694,4.555289687949093,0.09541501631313014,-0.07031921
marques,nmf,80,0,162.69690367334212,3.907086420258109,0.14506760771747743,-0.06760572
marques,nmf,90,0,157.15743883335762,4.17569144805555,0.13773562283532087,-0.07317106
marques,mctsne,2,0,425.20355472895966,4.643434313227355,0.15923285951536878,-0.14818788
marques,mctsne,3,0,354.66916711644825,4.731777823347355,0.1544822485642317,-0.12527281
marques,mctsne,4,0,294.2947479654271,4.506263319106382,0.18302199989432372,-0.13126217
marques,mctsne,5,0,294.1761901342406,4.930722916235609,0.162551909277423,-0.1258484
marques,mctsne,8,0,278.0954225607924,4.711283936843382,0.1622965102324264,-0.12281253
marques,mctsne,10,0,289.5989675347455,4.65566701227082,0.16520658541154173,-0.12385799
marques,mctsne,15,0,297.6164559529345,4.711333085698941,0.1659045809212159,-0.12622324
marques,mctsne,40,0,0.4203788032169922,191.11238313539118,4.992920757119451e-08,-0.6662948
marques,mctsne,50,0,1.2354345911165052,56.626655153881444,5.213503934707656e-08,-0.61733913
marques,mctsne,70,0,1.218545382519526,8.19262990237698,0.09470810712495165,-0.40031964
marques,mctsne,80,0,1.6573411900266257,8.599746694153833,0.05428912558695863,-0.34010145
marques,lda,2,0,999.1025923052125,96.33065706014837,0.0017974289101804117,-0.28343394
marques,lda,3,0,799.1863007415587,5.570933457180416,0.12949382700317114,-0.17198658
marques,lda,4,0,806.4686749454575,3.9475065720656652,0.1673423567481058,-0.12257765
marques,lda,5,0,782.7592904552487,3.992238093793562,0.24715102112623694,-0.06353385
marques,lda,8,0,587.047460304002,3.5465599937711545,0.23162196406756005,-0.024004132
marques,lda,10,0,547.0918104370933,3.5281688325804548,0.29406795864493357,0.020301908
marques,lda,15,0,341.62953667194824,3.8165812139952777,0.2753700985089227,0.006418045
marques,lda,25,0,325.0199676940615,3.7344825936362827,0.2636940658599561,0.02148329
marques,lda,30,0,326.0086350227469,3.3863174891404886,0.31632292362945014,0.03598139
marques,lda,35,0,260.56386341485995,3.735005751715371,0.3166451636844337,0.024175905
marques,lda,40,0,289.615074232022,3.596601807067382,0.34460609420970345,0.037305467
marques,lda,45,0,288.62842527831594,3.7761459291216752,0.2837283889443906,0.046216555
marques,lda,50,0,208.52591969435798,3.3804039261775403,0.3608166919991225,0.04485031
marques,lda,60,0,279.929586606842,3.2924966410706182,0.3296641559853405,0.05295635
marques,lda,70,0,226.5142153399377,3.650255878524992,0.2628606243959593,0.045059383
marques,lda,80,0,248.8843993448593,3.4600646464927163,0.33199323753123544,0.057987016
marques,lda,90,0,278.2796345805186,3.2874760967963286,0.3360779750011918,0.050754543
shekhar,pca,2,0,1595.5309180140991,3.8347802579929198,0.30441416226726353,-0.09527819
shekhar,pca,3,0,1274.3453598240194,3.288486533341627,0.3676768085982613,-0.094428845
shekhar,pca,4,0,1297.704098532758,3.3482578881512937,0.37193600361760215,-0.09735753
shekhar,pca,5,0,1224.5548912039023,3.4490910878844185,0.34914673711848215,-0.09392917
shekhar,pca,8,0,1184.5837546083064,3.3145201357737952,0.3209952312905435,-0.10223864
shekhar,pca,10,0,1165.0017320995298,3.3184019816934303,0.3224160815590521,-0.09631197
shekhar,pca,15,0,1143.47167818364,3.1479208608499185,0.36504237761442737,0.10417692
shekhar,pca,25,0,1113.602842525392,3.066720090854894,0.3858779083577862,0.16149735
shekhar,pca,30,0,1101.5049712875477,3.0672560229066845,0.3863982757119265,0.15914421
shekhar,pca,35,0,1091.5478443045436,3.0715291837774097,0.38483048207557413,0.15687494
shekhar,pca,40,0,1083.2071026264764,3.0417649819266708,0.38306672123644075,0.15762201
shekhar,pca,45,0,1075.3070088347056,3.045967553463871,0.38196656339126045,0.15789068
shekhar,pca,50,0,1069.0280185517468,3.0220109091878045,0.3803336665139875,0.16071977
shekhar,pca,60,0,1058.0125995893377,2.9780600064125564,0.37816803445736874,0.16812168
shekhar,pca,70,0,1049.181136932955,2.904987603458338,0.37650065488828266,0.17472944
shekhar,pca,80,0,1040.311690389223,2.898676208292167,0.3751176008722121,0.1734735
shekhar,pca,90,0,1031.993352176855,2.90333974907486,0.373590583309723,0.17168528
shekhar,isomap,2,0,1590.699562819725,4.078800352170028,0.30971123051039795,-0.07592517
shekhar,isomap,3,0,1505.897890591681,3.2980493855626083,0.39952095253404146,-0.010527714
shekhar,isomap,4,0,1497.6879624213236,3.4127557958967842,0.38736403051789975,-0.010653399
shekhar,isomap,5,0,1414.269492250941,3.4676438713385553,0.38127750259034504,0.0122454045
shekhar,isomap,8,0,1288.819095129316,3.5904578975569357,0.3574446178424695,0.059170455
shekhar,isomap,10,0,1236.4981794432829,3.628137517639232,0.3547450226166394,0.058723897
shekhar,isomap,15,0,1156.9750330626366,3.694594677629159,0.34335983886553906,0.078068994
shekhar,isomap,25,0,1075.4051394973458,3.736517867741524,0.33705276151900027,0.08937717
shekhar,isomap,30,0,1044.1449172865837,3.7784729235850034,0.33340590407586584,0.090117805
shekhar,isomap,35,0,1016.6030192582059,3.8183562108117486,0.33177989468254404,0.090265736
shekhar,isomap,40,0,993.8666535813561,3.8301040067206813,0.3287251676660859,0.09334224
shekhar,isomap,45,0,973.779615208725,3.84024663121104,0.32859328917433395,0.096547686
shekhar,isomap,50,0,956.1133601103979,3.8613065390574532,0.3265671140144637,0.09940744
shekhar,isomap,60,0,926.4054788888664,3.845637778036556,0.3288439927897124,0.10357944
shekhar,isomap,70,0,901.740777972262,3.8574132486608814,0.32773550264970974,0.10686275
shekhar,isomap,80,0,880.719015244638,3.8538691022424083,0.3284846096678426,0.1100942
shekhar,isomap,90,0,862.3153996105918,3.8746868514204347,0.32677469393219666,0.11234542
shekhar,umap,2,0,4168.322361128022,7.498270472502221,0.08076846751650149,0.02692623
shekhar,umap,3,0,3892.11143556811,3.2714440573173937,0.2889930940153128,0.024074167
shekhar,umap,4,0,3621.0590640537653,2.6270259273827006,0.38824604635278004,-0.0095549505
shekhar,umap,5,0,3875.1890301097023,2.7115746262139475,0.3274455041780432,0.014979565
shekhar,umap,8,0,4114.906135616072,2.634540286092922,0.3804915302281079,-0.0016801703
shekhar,umap,10,0,3957.0791557908437,2.5817382204355206,0.37653982367850963,0.008578804
shekhar,umap,15,0,3913.110013715857,2.8731018177906456,0.34995394620045817,0.023204124
shekhar,umap,25,0,4186.620611827027,2.6653549244677395,0.3657956724637018,-0.00663171
shekhar,umap,30,0,3994.999155981187,2.9272969695324416,0.3567975244435434,0.025537731
shekhar,umap,35,0,4048.330595934412,2.970762394009339,0.3323791657723144,0.021527784
shekhar,umap,40,0,4029.9501263678367,2.6906859312014,0.3880481005787758,0.014735155
shekhar,umap,45,0,3955.2610084571825,2.6743318252709116,0.39086693855725796,-0.011375993
shekhar,umap,50,0,3963.4176699237255,2.7929058460783494,0.3804637840399479,0.024258642
shekhar,umap,60,0,4046.7793612178534,2.581211628000363,0.38467492626884703,0.008167359
shekhar,umap,70,0,4224.478398303884,2.7773358432910125,0.3272790627501651,0.025824912
shekhar,umap,80,0,3967.7996233281997,2.843321184896608,0.35307012089701206,0.01336986
shekhar,umap,90,0,4002.354461181271,2.8303879409400134,0.34278833317640434,0.01795209
shekhar,fa,2,0,3933.545552659524,2.9982467431217867,0.14512493166962595,-0.13349625
shekhar,fa,3,0,2275.495515049808,2.9459714468206073,0.11503630015356549,-0.120478734
shekhar,fa,4,0,1553.0750326613102,2.2949830939486984,0.2410010354615564,-0.08195651
shekhar,fa,5,0,1902.5784308786726,2.262535300464684,0.12018068258951138,-0.06321249
shekhar,fa,8,0,1862.981845942855,1.9550391072310405,0.2538222584328224,0.35146147
shekhar,fa,10,0,1483.5566712012014,2.072319537137623,0.3038963018653133,0.32304946
shekhar,fa,15,0,930.4254382226949,2.4518514642184015,0.30854026903027665,0.2296629
shekhar,fa,25,0,718.8679516631399,2.6946049704561887,0.23321486364900781,0.20820314
shekhar,fa,30,0,613.4730691596465,2.9390803463062625,0.17633151068926795,0.19997321
shekhar,fa,35,0,529.501893757125,3.1809417558139503,0.1501240267803771,0.19122252
shekhar,fa,40,0,467.58638691054676,3.4118126324228037,0.13064705358842324,0.19136631
shekhar,fa,45,0,420.21542740108674,3.5904097985940293,0.12513426005110054,0.20248716
shekhar,fa,50,0,380.85704423663964,3.781296089025274,0.11648713372328283,0.20765936
shekhar,fa,60,0,323.27854829958625,4.102411059019059,0.1071958246126016,0.21405973
shekhar,fa,70,0,282.30104699694755,4.395657395302308,0.10042010779825672,0.22594337
shekhar,fa,80,0,250.4774684682021,4.654645697689234,0.09564580989341684,0.23308864
shekhar,fa,90,0,226.11125401401284,4.862443594285561,0.09259811834412733,0.23436582
shekhar,fica,2,0,2183.4524822368326,3.589951241942043,0.2874097894754421,-0.07710483
shekhar,fica,3,0,1362.6093569135476,3.1029040430981873,0.41124188209102874,-0.08111931
shekhar,fica,4,0,1428.316926919188,3.4032953727220434,0.3807771174472594,-0.10099528
shekhar,fica,5,0,1092.7353185123077,3.570731646831588,0.31831825763005306,-0.09658297
shekhar,fica,8,0,741.291560853602,3.4940922273477875,0.19270294511601183,-0.1609109
shekhar,fica,10,0,596.0962892418349,3.505558082009902,0.2054023671696608,-0.09864123
shekhar,fica,15,0,536.8406610956072,2.878998714569004,0.28590200724331016,0.17572817
shekhar,fica,25,0,420.0932550862595,3.3354577161637824,0.23885946247076012,0.15270235
shekhar,fica,30,0,358.3154360616482,3.4520982476684074,0.2394885270810437,0.13560998
shekhar,fica,35,0,313.9323314070385,3.6041083977723503,0.23330018273308345,0.13986829
shekhar,fica,40,0,286.3739685567679,3.669390691702013,0.22434458265872637,0.11554357
shekhar,fica,45,0,256.05590892341746,3.9171262215203946,0.21827579853177376,0.0990882
shekhar,fica,50,0,241.02987658660416,3.929222197622597,0.21192158762744345,0.08738025
shekhar,fica,60,0,219.9496647228907,4.095252701632801,0.19894150794414828,0.07040401
shekhar,fica,70,0,206.36822954900802,4.298502053016242,0.18988324722485536,0.0602172
shekhar,fica,80,0,186.40451845996353,4.492444869709827,0.1845085455377064,0.059208088
shekhar,fica,90,0,167.74635214263648,4.7060197101977534,0.17716199272589905,0.05141136
shekhar,lle,2,0,86680.45389164428,2.4090411526691966,0.0658474807309221,0.5931681
shekhar,lle,3,0,50183.60614166563,2.2987089100699625,0.021528438328472822,0.5931008
shekhar,lle,4,0,8389.408044675984,3.075298398806032,0.06891277991782324,-0.10248638
shekhar,lle,5,0,4570.283220187582,2.6259577130737135,0.29964361507091203,0.039635707
shekhar,lle,8,0,1928.3328033772266,3.3824402528564845,0.1942528421466186,-0.04015962
shekhar,lle,10,0,1071.7995742084277,4.023548962528842,0.20674026741706242,-0.058418263
shekhar,lle,15,0,701.6650897508586,4.804482011996055,0.1679939083403711,-0.103341
shekhar,lle,25,0,559.8019400109181,4.967572515717754,0.0736473184303504,0.08487659
shekhar,lle,30,0,433.49170895756146,4.199289074645415,0.10463775495158419,0.18139237
shekhar,lle,35,0,365.8135536878059,4.417985438671093,0.10450360144430368,0.17302756
shekhar,lle,40,0,338.7956227984031,4.665292773674275,0.10445866577323897,0.1569001
shekhar,lle,45,0,288.13785226482116,4.908709125141401,0.10602151846966859,0.15608941
shekhar,lle,50,0,254.2580333660103,5.078088375616444,0.11175925187394202,0.17126942
shekhar,lle,60,0,216.9696372935174,5.39609983382568,0.11288885739645793,0.15963943
shekhar,lle,70,0,180.55467940360893,5.6380906052714375,0.11626468658412167,0.14179368
shekhar,lle,80,0,168.4472373647335,5.808796985626413,0.12362653409659315,0.13588221
shekhar,lle,90,0,146.3556216637916,5.997420582050911,0.12902289681760498,0.12869039
shekhar,nmf,2,0,2670.535817736627,3.7054917237514737,0.3329497543320433,-0.05393164
shekhar,nmf,3,0,2376.92800489016,3.2237754227248305,0.39346509823396925,-0.07093185
shekhar,nmf,4,0,1928.6795434123176,3.330755668027076,0.37326062363479595,-0.12698397
shekhar,nmf,5,0,1117.2736633165762,3.426794916709531,0.35352887472626254,-0.13635819
shekhar,nmf,8,0,991.9160030814422,3.16671786143619,0.28328338577281026,-0.1468524
shekhar,nmf,10,0,1161.1534392235812,3.4212800820977947,0.2754589950837139,-0.12737434
shekhar,nmf,15,0,1191.7752354369982,2.803941398721468,0.3727769202105088,0.2616374
shekhar,nmf,25,0,1331.1653422972,2.619577788921554,0.3800059276102199,0.29189122
shekhar,nmf,30,0,1440.512201747104,2.71362292041793,0.4050048719929841,0.29974183
shekhar,nmf,35,0,1552.3615998516427,2.6716552382506205,0.4108987533014299,0.29109994
shekhar,nmf,40,0,1630.6039569713064,2.653275421794089,0.3946215192000278,0.2885294
shekhar,nmf,45,0,1635.7993583494151,2.643791753681183,0.37089183687174837,0.29934233
shekhar,nmf,50,0,1671.9587795475634,2.64308989698517,0.39211967781456375,0.28959155
shekhar,nmf,60,0,1688.3853330395523,2.676192171756418,0.4098862783602233,0.26921037
shekhar,nmf,70,0,1768.9614389047294,2.3296334587269594,0.3822197049076609,0.30783093
shekhar,nmf,80,0,1657.1876031806778,2.488832979285793,0.38593096727677634,0.29814288
shekhar,nmf,90,0,1691.4511427453647,2.4952745900616167,0.38691513084556783,0.29425105
shekhar,lda,2,0,208470.5816606335,2.9048095757558716,0.25130647264295114,0.8489928
shekhar,lda,3,0,2310.21896242821,2.349382376057928,0.07402436468676049,-0.15373065
shekhar,lda,4,0,2025.087042141979,3.4791422405782906,0.03602066449700883,0.022533184
shekhar,lda,5,0,1510.4791768641899,1.8491443254397375,0.5431232407792848,-0.1303933
shekhar,lda,8,0,1237.6557838789415,2.208582032852752,0.20441254563469188,-0.034394298
shekhar,lda,10,0,1607.1684695929646,2.177759809075472,0.24964839665210634,0.0999748
shekhar,lda,15,0,1437.5351623304127,2.3428279531610197,0.3959822499564379,0.03539755
shekhar,lda,25,0,1671.341755066754,2.42464907085532,0.3369685246162529,0.10482706
shekhar,lda,30,0,1612.6770973260677,2.1787623599971546,0.4370539997059613,0.105847225
shekhar,lda,35,0,1517.492497326072,2.0096991120017775,0.4620327843451848,0.104104504
shekhar,lda,40,0,887.3707876339869,2.407875327621292,0.43456049388152185,0.081869915
shekhar,lda,45,0,1615.4762926850797,2.10896763652703,0.43862923673422943,0.08523733
shekhar,lda,50,0,1339.8606518434244,2.4558098673334854,0.39820265967087326,0.0754766
shekhar,lda,60,0,998.130969215979,2.5821627246404013,0.3731147479693805,0.03716531
shekhar,lda,70,0,985.5505912024952,2.4224517009335367,0.43474461562964606,0.062826514
shekhar,lda,80,0,1779.9109959028847,2.0619191668258554,0.47772612731804404,0.1179689
shekhar,lda,90,0,906.963554690824,2.716755492765307,0.36006737252133847,0.039529193
shekhar,mctsne,2,0,1982.2293955596801,3.869164366030835,0.23367151195961888,-0.016459191
shekhar,mctsne,3,0,1554.952347044989,3.875702583523829,0.3103468894441312,0.042433888
shekhar,mctsne,4,0,1485.7592148203955,2.962644560945796,0.36041546770233124,0.0435285
shekhar,mctsne,5,0,1393.9105488906725,3.2438804106453065,0.31918144096760903,0.044385076
shekhar,mctsne,8,0,1317.874867735396,3.2676648416519485,0.3188917216164746,0.054758593
shekhar,mctsne,10,0,1347.337976590412,3.1649150199748757,0.33708733573290955,0.049386516
shekhar,mctsne,70,0,0.8685025120771469,29.726081963428555,1.3834829273403387e-07,-0.9791839
shekhar,mctsne,80,0,1.4660317763727804,5.768877112138841,0.0557183016180024,-0.1070145
baron-human,sdae,1000,1,744.4930774483464,3.633124370304678,0.14839897486118367,-0.025628816
baron-human,sdae,100,1,474.2617936412563,4.280160806455799,0.11742141010734744,-0.070523754
baron-human,sdae,250,1,589.5348930418324,3.897216097748845,0.12821678674913892,-0.050693877
baron-human,sdae,10,1,868.2704620519221,4.687311802297329,0.06624407071192212,-0.0384024
baron-human,sdae,3,1,157.97775198295818,50.815414600738094,0.004992772988727564,-0.27417067
baron-human,sdae,4,1,152.59660822027183,25.869043783008753,0.01611649104579452,-0.27911562
baron-human,sdae,5,1,791.145438849747,6.017499874840807,0.0683874504644803,-0.09360483
baron-human,sdae,25,1,397.06969504417066,4.610036810835294,0.0948815689515441,-0.0906294
baron-human,sdae,50,1,608.6657805847475,3.7001620030639226,0.1512546807216985,-0.045943987
baron-human,sdae,500,1,620.884498832412,3.8305473036302407,0.15059017648971976,-0.042831365
baron-human,sdae,2500,1,674.9861716594302,3.4859727422276174,0.1818067449016806,-0.02522712
campbell,sdae,2,1,486.8816706743478,34.81111085923086,0.009996677399669123,-0.13032411
campbell,sdae,1000,1,225.55978297156247,12.567567180390283,0.04984253117613402,-0.16525428
campbell,sdae,100,1,213.60708469635097,13.292645744975284,0.04600540030089835,-0.1838849
campbell,sdae,10,1,186.00496322518686,15.967841178702416,0.02660513503935087,-0.18481645
campbell,sdae,25,1,162.55049122540314,18.55632647785006,0.027021280764645703,-0.23006314
campbell,sdae,2,1,192.82956012675538,247.66703377765833,0.0003968097388291979,-0.29008397
campbell,sdae,3,1,416.1881603212124,48.48920135844163,0.004023790527158793,-0.080132104
campbell,sdae,5,1,543.9099157796921,43.81462886668181,0.005578559107131341,-0.11812618
campbell,sdae,50,1,174.8113617450234,14.879732009728448,0.04155557342005159,-0.20128185
campbell,sdae,250,1,227.5403093415819,13.595384418751019,0.04766437179865605,-0.17041796
campbell,sdae,500,1,215.49303967086664,13.558854022524496,0.04917744008812564,-0.17184186
campbell,sdae,2500,1,242.31146742987332,12.119864427979325,0.05859874643881334,-0.14850353
chen,sdae,1000,1,244.28884301265185,14.552658502359971,0.03452753028413117,0.029357335
chen,sdae,100,1,210.02344690093327,17.68984213735814,0.022403580259597114,0.008326993
chen,sdae,250,1,210.58022101198415,16.38261730213683,0.028685246921412992,0.008844399
chen,sdae,10,1,236.97787300659354,19.836871829840213,0.02241004189457266,-0.021502275
chen,sdae,2,1,166.13214098178253,648.1389771959591,9.031066173941139e-05,-0.28109813
chen,sdae,4,1,156.97184155617728,675.3776197871357,0.00013944203001636346,-0.28854185
chen,sdae,5,1,227.11903265160043,21.762314639890228,0.024320356368195645,-0.0036165349
chen,sdae,25,1,184.0912928175143,18.479095914598915,0.021136997432530814,0.010081829
chen,sdae,50,1,212.06170685670557,15.967513987018025,0.023517106791461666,0.017440375
chen,sdae,500,1,231.0424893497031,16.222515723232128,0.03260356706323019,0.00921934
chen,sdae,2500,1,238.20997953505378,12.467524497541076,0.04329053751504899,0.028811103
marques,sdae,1000,1,262.1345708811031,4.699143637625814,0.14877078226172055,-0.039157186
marques,sdae,100,1,256.33360361515236,4.915116314953367,0.1486641798387388,-0.060453925
marques,sdae,250,1,284.9484996834288,4.443251642835493,0.17755321541821928,-0.043683168
marques,sdae,10,1,217.96492404098868,5.142826326272749,0.13616987996674532,-0.08032344
marques,sdae,3,1,209.3350317148322,30.529200024540767,0.009028150710610805,-0.15034384
marques,sdae,4,1,414.20564968271196,51.75213262384105,0.004631842012483146,-0.12713684
marques,sdae,5,1,235.12679649066584,7.842552956605185,0.05602244787723541,-0.11313279
marques,sdae,25,1,254.6625287540269,5.101853568032649,0.14129206442124065,-0.07217953
marques,sdae,50,1,312.96143581255933,4.708209488430357,0.1530860596343484,-0.044445902
marques,sdae,500,1,284.0397511477458,4.798513038197338,0.15255720460412467,-0.045560032
marques,sdae,2500,1,246.04346559724735,4.341617289334594,0.21116644833587503,-0.028029734
shekhar,sdae,1000,1,1726.5787433434527,2.8154827932172055,0.3830771577022235,-0.031415734
shekhar,sdae,2500,1,1386.6027933794358,2.969873225729961,0.3986868771593132,-0.05278823
shekhar,sdae,100,1,1094.882372431816,3.195531665097334,0.32326645644545166,-0.08898498
shekhar,sdae,10,1,2554.690088746528,2.5734221497773175,0.3770532098310681,-0.018242387
shekhar,sdae,2,1,2507.2781898910616,3.43251977944495,0.2609318965566797,-0.072011486
shekhar,sdae,3,1,399.7095509641922,5.091309432595335,0.14394617457205794,-0.17632438
shekhar,sdae,4,1,1641.9372413807496,3.4044767022263422,0.2782755552115408,-0.113983184
shekhar,sdae,5,1,947.7334691265244,3.380563662635249,0.29289086617934146,-0.097073965
shekhar,sdae,25,1,1202.0203873108399,3.2472683664932966,0.30034175727283413,-0.08485625
shekhar,sdae,50,1,1097.7212548143543,3.145430721964461,0.33066736833958943,-0.08217365
shekhar,sdae,250,1,1055.4215519936467,3.2956294829566413,0.3376742841488269,-0.064889885
shekhar,sdae,500,1,1102.86454935529,3.2327726664900323,0.3373641797224192,-0.06985133
baron-human,full,20k,0,1127.1124437812264,2.362602061131948,0.06575056335599805,-0.0029513612
campbell,full,26k,0,124.95153619472883,6.304485994454863,0.019410952714707996,-0.19581069
chen,full,23k,0,132.21246930964463,4.428342590584986,0.033259833091894835,-0.06151275
marques,full,23k,0,247.56440554936944,4.858926473757922,0.09358439548089402,-0.12397061
shekhar,full,13k,0,673.9300309789161,3.617629108371102,0.3106149387608013,0.09394112
