dataset,method,dimensions,log,calinski-harabaz,davies-bouldin,dunn-index,silhouette-score
koh,pca,5,0,84.69663571210984,3.4658979352206947,0.12076704222637458,-0.057887938
koh,pca,10,0,82.79413033385381,2.775255781171894,0.22132381506027843,-0.02871631
koh,pca,25,0,79.57676628312954,2.708331011573017,0.23314259626563155,-0.010251794
koh,pca,100,0,73.59873392671578,2.8179673827937233,0.22787505413967163,-0.012110757
koh,pca,250,0,70.16461777135288,2.9815891778894597,0.220869953309816,-0.017809754
koh,pca,500,0,68.574666900017,3.109149624327509,0.22022347788416385,-0.020874
koh,pca,50,0,76.64083911122654,2.7399086575143543,0.23391284247848054,-0.0068398025
koh,pca,5,1,304.91720082576853,1.0893521474393575,0.8043899696946367,0.38558528
koh,pca,10,1,243.44161680403477,0.909722178678692,1.2580485718254022,0.46008113
koh,pca,25,1,113.43274636791197,1.3487833505887765,0.7568760242473006,0.3214116
koh,pca,50,1,63.225037338364096,1.798462532475078,0.5786846326595607,0.21670403
koh,pca,100,1,36.036110901522214,2.438010849718435,0.4621335995923897,0.11580497
koh,pca,250,1,16.77642319703902,3.669236089425912,0.35690139632900325,0.011603065
koh,pca,500,1,10.053586386233219,4.829533798832785,0.31593454681898997,-0.00082650874
koh,fica,10,0,35.018806521663926,1.9877984494505228,0.2994723797327332,0.033006392
koh,fica,25,0,18.733889220099325,2.780563705368305,0.36162582633729917,0.103558846
koh,fica,100,0,4.93999772364689,5.984952131948107,0.19061107046357412,-0.05852856
koh,fica,250,0,2.053115393290009,8.708066437253443,0.1588620173284805,-0.14377443
koh,fica,500,0,1.0571473195390575,11.196610954479825,0.16019239820128817,-0.05875254
koh,fica,1000,0,3.9542083814691926,10.521744105112246,0.15266806638979538,-0.0036574746
koh,fica,2500,0,3.95420857357098,10.52174412103388,0.15266806601444433,-0.003657501
koh,fica,5000,0,1.5726127508185204,11.109952665667699,0.15881375243926185,-0.0010446458
koh,fica,10000,0,3.9542085905351025,10.521744009030135,0.15266805076683293,-0.003657502
koh,fica,15000,0,3.954208493543304,10.521743538744978,0.15266804948215487,-0.0036574933
koh,fica,5,0,40.42969937684576,2.573765559608093,0.2621055637212006,-0.031538725
koh,fica,50,0,9.800348574893068,4.1748309787626585,0.25293750945773497,0.029664472
koh,fica,5,1,279.36686625989256,0.9340070339218711,1.270654622521156,0.40968513
koh,fica,10,1,159.69490273825048,0.8882514292295788,1.7644907907564116,0.48283017
koh,fica,25,1,27.97944778278959,2.456741637924769,0.5507682359194079,0.16265883
koh,fica,50,1,11.655341505274023,3.721490286958046,0.368679396287242,0.042388055
koh,fica,100,1,5.4142116796478525,5.37397211226445,0.2641069133208569,-0.055279553
koh,fica,250,1,2.1013979439180774,8.327419742368456,0.1822313932052124,-0.12202912
koh,fica,1000,1,1.0477335534811214,11.274930465235938,0.1626652113621835,-6.302625e-05
koh,fica,2500,1,1.0477335749322778,11.274930462581416,0.16266520934182171,-6.3017855e-05
koh,fica,5000,1,1.0477335545781632,11.274930447816152,0.1626652117284384,-6.3028005e-05
koh,fica,10000,1,1.0477336249780793,11.274930356579937,0.16266521176568455,-6.3035935e-05
koh,fica,15000,1,1.0477336990049235,11.274930384086524,0.16266521112620885,-6.302578e-05
koh,spectral,10,0,28.151450176299228,3.4471340895996003,0.3634722838692331,0.05810482
koh,spectral,25,0,14.501127109835213,3.466435139480358,0.30238589593745685,0.042739544
koh,spectral,100,0,3.9855768691381406,5.821414006583199,0.22104190860888187,-0.057562105
koh,spectral,250,0,1.8523651752087504,8.391375557293905,0.16702430761390782,-0.03561259
koh,spectral,500,0,1.043494148776511,11.052282365260593,0.13040148267470877,-0.05090636
koh,spectral,5,0,41.49967715175365,5.254135636470618,0.22428005264887865,-0.005535144
koh,spectral,50,0,7.704653440588003,4.172084235918097,0.31301206073412957,-0.0070377868
koh,spectral,5,1,310.8156605191143,1.0306223837885151,0.6083654477644653,0.39417365
koh,spectral,10,1,99.63325135160785,1.1324079321950853,1.291036932149413,0.3757958
koh,spectral,25,1,21.321625043040676,2.4304104211482973,0.5853042629180502,0.08049041
koh,spectral,50,1,8.990616241831217,3.7995818810173825,0.379154190896795,-0.05479239
koh,spectral,100,1,4.236736176846578,5.590210700559441,0.2608373801434724,-0.09286696
koh,spectral,250,1,1.648204572167523,8.886036717830782,0.17317536469354625,-0.090599075
koh,spectral,500,1,0.90327990745902,12.071835593782096,0.13263711606567216,-0.08071445
koh,isomap,10,0,104.53595670065262,2.930593462467482,0.2832237941760951,0.039045308
koh,isomap,25,0,89.09836082698314,3.0897056432443626,0.2720867184381514,0.04365117
koh,isomap,100,0,74.90585240809516,3.434094028860674,0.26131251193576255,0.026677007
koh,isomap,250,0,71.04465343081343,3.5794009685220214,0.25838219729096784,0.019927923
koh,isomap,5,0,119.20143719289207,3.017839665963015,0.2710839833668792,0.021073116
koh,isomap,50,0,80.89589060459629,3.254869705466939,0.26691467240683053,0.035169095
koh,isomap,5,1,149.31668510525034,2.5473131638860753,0.39340248652913035,0.10627893
koh,isomap,10,1,107.0702496843005,2.452908448066911,0.3510018839379865,0.13085327
koh,isomap,25,1,75.17387674554537,2.7789625554898993,0.31307002479436646,0.09205156
koh,isomap,50,1,59.969648352271506,3.0030093471209813,0.2975435349774983,0.066862576
koh,isomap,100,1,49.01780123483317,3.310044153064267,0.2815450026528955,0.043793272
koh,isomap,250,1,37.97435132769659,3.8448997116534653,0.274337521291936,0.030696204
koh,umap,25,0,200.28940072555656,3.155812195713397,0.3217986299275363,0.025943136
koh,umap,10,0,188.53570442111328,3.2620776497792874,0.31939621101585497,0.025149297
koh,umap,100,0,186.5438810188195,3.2190255032308923,0.3583451741609585,0.018367074
koh,umap,250,0,205.49725080809344,3.230793512260705,0.3534265594279921,0.021439971
koh,umap,500,0,198.33566554752716,3.2918345081357887,0.3080211316463904,0.027121643
koh,umap,5,0,199.46958120133039,3.203203185039622,0.381935709362524,0.021388907
koh,umap,50,0,197.479938280412,3.2187756903628633,0.30659245020502485,0.032024853
koh,umap,5,1,568.3578887475476,1.1849865698415314,0.6474405433200023,0.39622623
koh,umap,10,1,537.7647410109262,1.2062598440086703,0.6302685192279682,0.39949504
koh,umap,25,1,539.2505235045289,1.2126930913005012,0.6130180577013561,0.4009404
koh,umap,50,1,533.52988107853,1.1969045292148768,0.6404630464627937,0.40136597
koh,umap,100,1,522.4868911630243,1.2070508083313995,0.6399815569000288,0.39607316
koh,umap,250,1,540.2745706994488,1.2329703926681925,0.6358042778536279,0.40003344
koh,umap,500,1,551.0387395170151,1.2128588159406217,0.6057613306608224,0.40157938
koh,lle,10,0,27.55218114723939,3.7632079747800926,0.2658966071938417,0.060741138
koh,lle,25,0,15.128807434973327,3.6955125885347666,0.3188401000866206,0.0342918
koh,lle,100,0,4.525044878998291,5.304208678716017,0.3084008330243713,0.008223909
koh,lle,250,0,1.9616165687108442,8.09354469687024,0.20891386535638654,-0.012449936
koh,lle,500,0,1.0535330412849675,11.14296054411204,0.16029997608554974,-0.014527785
koh,lle,5,0,65.35580039806923,3.1106310380439672,0.28806887712873125,0.008319122
koh,lle,50,0,8.344578873331344,4.023423674577112,0.4030749363807909,-0.0039803763
koh,lle,5,1,153.4493061751456,1.7346968702982102,0.48495042599777877,0.27431428
koh,lle,10,1,70.7764816506686,1.535157992957043,0.5586071554108313,0.27699205
koh,lle,25,1,19.394184210347113,2.7782198575695656,0.4320635148538438,0.091494106
koh,lle,50,1,9.00245694369353,3.7662745686231975,0.39411190320939904,0.0052093603
koh,lle,100,1,4.4510239594125425,5.164881909696863,0.308683802424679,-0.022256142
koh,lle,250,1,1.8591679058384036,8.63678094379163,0.20164846543709863,-0.030288039
koh,lle,500,1,1.0349821527420968,11.207033496668734,0.16137277015177526,-0.010414375
koh,mds,10,0,69.75148364711639,3.015681905318607,0.2388957392381911,-0.016837033
koh,mds,25,0,68.13873051425593,3.1070788420753255,0.22364449349903132,-0.021976938
koh,mds,100,0,67.1308527288366,3.2449554614258465,0.21280979471419648,-0.0267539
koh,mds,250,0,66.8819217420899,3.2793248515114635,0.21031059612921868,-0.028015194
koh,mds,500,0,66.86219117497625,3.2852897508507866,0.2099416421497166,-0.028364947
koh,mds,1000,0,66.76696682924756,3.2947150192481196,0.20942843296225308,-0.02869927
koh,mds,2500,0,66.73857039435488,3.2982450445728686,0.2092468667263389,-0.02885019
koh,mds,5000,0,66.7196905637029,3.3006937567394425,0.20931008377319668,-0.02889447
koh,mds,10000,0,66.71794025516503,3.3003567745367293,0.209164809999588,-0.02894461
koh,mds,15000,0,66.72102480764488,3.3012557269640137,0.2090909168208948,-0.028932119
koh,mds,5,0,72.0780361405606,3.230142328551863,0.20234293434886366,-0.031262558
koh,mds,50,0,67.51199349558631,3.1881295462563415,0.21541639189672598,-0.02447894
koh,mds,5,1,31.433410139624332,4.185477508911507,0.36375103270209047,0.006874045
koh,mds,10,1,22.33734474075769,4.2807682854679125,0.3580514172293726,0.022521041
koh,mds,25,1,14.722733420986174,4.808165349750297,0.3357085903259262,0.02157445
koh,mds,50,1,12.24250306448462,4.692575266645663,0.3291406431004964,0.017422665
koh,mds,100,1,10.677757963327991,4.944097505344116,0.314644532029554,0.013043934
koh,mds,250,1,9.62368347580148,5.237654157906535,0.2968678419541596,0.0091653755
koh,mds,500,1,9.247143105213635,5.381238418426534,0.289476522754786,0.0073984116
koh,mds,1000,1,9.158751310119651,5.380076780175206,0.2875074325987771,0.0070684063
koh,mds,2500,1,9.087917333078803,5.407204148678931,0.2825167948647944,0.0066683344
koh,mds,5000,1,9.067273955963246,5.426265036074952,0.28282613968709613,0.0065407474
koh,mds,10000,1,9.053846286419839,5.4237591155986555,0.282399343739532,0.0064636874
koh,mds,15000,1,9.059310563863464,5.416239885633518,0.28303626618054406,0.006535941
koh,fa,10,0,22.735659601680634,2.2332939201924176,0.23839625167189574,0.094993666
koh,fa,25,0,11.50936909726197,2.8283577113408285,0.15230758658852941,0.07810674
koh,fa,100,0,3.6592321767473845,6.4047042968594505,0.10092996883054771,-0.017854385
koh,fa,250,0,1.9186985821921365,8.518220741316517,0.15010309638318212,-0.1365915
koh,fa,1000,0,1.000000019618341,11.44844049892479,0.1599348370335347,-2.9760283e-08
koh,fa,500,0,1.0382268012677232,11.226444516432512,0.15937512748785346,-0.07853717
koh,fa,2500,0,1.0000000048521158,11.448440266791188,0.1599348402696557,-7.495181e-09
koh,fa,5000,0,1.000000011275729,11.44844057167696,0.1599348335335413,-2.7555819e-08
koh,fa,10000,0,0.9999999992142514,11.448440599093592,0.1599348374194889,-3.17443e-08
koh,fa,15000,0,0.9999999785856625,11.448440651012316,0.15993483560838295,-3.1523857e-08
koh,fa,5,0,25.905761819913828,4.078867488081972,0.04778505794283652,-0.016667744
koh,fa,50,0,6.7012915114303855,4.435562401299582,0.12217227125693399,0.023234272
koh,fa,5,1,96.53288218393821,1.6334583894070656,0.5434325302046112,0.21863039
koh,fa,10,1,79.90521227964045,1.0887651017518882,1.0231586729787085,0.3609959
koh,fa,25,1,24.917386249199406,2.1819417115441784,0.6395426681732185,0.17538676
koh,fa,50,1,10.698393328858051,3.583045245777496,0.3896254877639126,0.021043953
koh,fa,250,1,2.013740374729093,8.085965381851691,0.1759802453520825,-0.13073517
koh,fa,100,1,5.159199342496969,5.238625484161736,0.2584888147399191,-0.07983186
koh,fa,500,1,1.048220118523454,11.243861896622583,0.1599348490555103,-0.058888093
koh,fa,1000,1,0.9999999804685344,11.44844057020284,0.15993483574801173,-1.0140541e-08
koh,fa,2500,1,0.9999999804685344,11.44844057020284,0.15993483574801173,-1.0140541e-08
koh,fa,5000,1,0.9999999804685344,11.44844057020284,0.15993483574801173,-1.0140541e-08
koh,fa,10000,1,0.9999999804685344,11.44844057020284,0.15993483574801173,-1.0140541e-08
koh,fa,15000,1,0.9999999804685344,11.44844057020284,0.15993483574801173,-1.0140541e-08
kumar,isomap,10,0,774.6045629920226,0.4115226687886322,2.478369195536591,0.67581946
kumar,isomap,25,0,671.1895567265964,0.4460902751801059,2.1871237439131135,0.650187
kumar,isomap,100,0,611.7986066578881,0.4866425463855372,2.096724169764105,0.62486565
kumar,isomap,5,0,912.9279981681764,0.35923138584032027,2.702963886230813,0.7123708
kumar,isomap,50,0,628.3552390541694,0.4717640716561399,2.108902460851378,0.6341338
kumar,isomap,5,1,982.7856988136288,0.7215971344419407,1.6875615292368826,0.53611827
kumar,isomap,10,1,733.9262740170955,0.8728327375720341,1.4228073182823664,0.47696245
kumar,isomap,25,1,505.88508112344584,1.0232026192823866,1.1511226566056407,0.41041547
kumar,isomap,50,1,392.0916034270847,1.2100268996727908,1.026202396121469,0.35581332
kumar,isomap,100,1,308.25924982076924,1.3393278012500467,0.8271802471488715,0.3171315
kumar,pca,10,0,420.99268020063147,0.6277697833287395,1.7780786423475496,0.54851615
kumar,pca,25,0,393.033064095805,0.6448199402494725,1.6267998638626886,0.53580916
kumar,pca,100,0,370.6182224868753,0.6629323452896583,1.5257714866606082,0.52331775
kumar,pca,5,0,469.61676835315495,0.5911338544995218,1.9601217880550836,0.57167774
kumar,pca,50,0,377.84609689990924,0.6548616639800745,1.5516004731467121,0.528214
kumar,pca,5,1,786.6527095613874,0.4499548717973007,2.0718813639628553,0.6725071
kumar,pca,10,1,435.3608406562601,0.6042587276993152,1.4301194658037946,0.5778063
kumar,pca,25,1,208.7572564608435,0.8347841274072967,0.8881773713827632,0.46287277
kumar,pca,50,1,114.86319953827365,1.1532016745998253,0.6517005077763504,0.34634036
kumar,pca,100,1,63.81804822666013,1.6735426427960096,0.514268851786172,0.21848567
kumar,umap,10,0,2787.818230142101,0.2222437434143508,7.831697844290599,0.845718
kumar,umap,25,0,2892.189331414409,0.19803816637027052,8.443387013900672,0.8613512
kumar,umap,100,0,2497.4400887267675,0.24232818622376104,6.867887894450092,0.8299268
kumar,umap,5,0,2702.5825672922474,0.20111120927052947,8.830899349788499,0.8594896
kumar,umap,50,0,2541.381815865679,0.25340034254821986,6.439451290608901,0.8220154
kumar,umap,5,1,5126.093649723675,0.5575725191666907,2.0938333939844815,0.5945896
kumar,umap,10,1,4606.484914437472,0.5631353607092554,2.1258203657722015,0.59294635
kumar,umap,25,1,4655.56353827147,0.5694112808643684,2.0940169609205666,0.5894853
kumar,umap,50,1,4305.394064276518,0.5662625646486713,2.1339495526654013,0.5904957
kumar,umap,100,1,4681.146872792621,0.5721860656340395,1.9825824862070698,0.5868231
kumar,lle,10,0,27.896961494291936,2.2692022599508257,0.7909971331207823,0.19411524
kumar,lle,25,0,10.128373518433762,3.946571830893173,0.4538897497102267,0.034624495
kumar,lle,100,0,2.4685766615365883,8.215480654933796,0.2347022032038961,0.0055021234
kumar,lle,5,0,115.65043102074584,1.1226680686970854,1.4094837083576828,0.5158932
kumar,lle,50,0,5.006324819533692,5.719355327070583,0.3253588377562954,0.0004979866
kumar,lle,5,1,38.88259401757431,2.394945526745785,0.7234074932892846,0.23159087
kumar,lle,10,1,26.179027170940994,2.2400892069361515,0.8018601670009978,0.17520294
kumar,lle,25,1,9.638955173791025,3.899509949270076,0.446737369633328,0.054421533
kumar,lle,50,1,4.110058197382025,6.2175502633408355,0.2955836810252034,0.016207363
kumar,lle,100,1,2.1366765696794636,8.639860211802125,0.21785499096823874,-0.003970271
kumar,spectral,10,0,26.49061550585763,2.4468623544681907,0.7344749112555761,0.17698741
kumar,spectral,25,0,9.249618660984341,4.013651387489967,0.44715138401225,0.050425816
kumar,spectral,100,0,2.4294371886874884,8.218610168078532,0.23171044167404947,0.0046607656
kumar,spectral,5,0,70.05237386796988,1.3940720925629044,1.2614672423056794,0.37304947
kumar,spectral,50,0,4.552292063580376,5.757780162660034,0.3113717832944202,0.01193901
kumar,spectral,5,1,54.15492297819649,1.530290776184992,1.1573887957748532,0.2914484
kumar,spectral,10,1,20.874148646624825,2.509675905905109,0.6564825282014436,0.12398528
kumar,spectral,25,1,7.35618772418463,4.3945005921413545,0.4083872301341405,0.03310236
kumar,spectral,50,1,3.4876317043520384,6.586740062222046,0.278420229228586,0.008734171
kumar,spectral,100,1,1.6536701057857255,9.873940531984347,0.1776803662846742,-0.023826018
kumar,mds,10,0,372.1802247707228,0.6635708337230604,1.5406664620928103,0.5240825
kumar,mds,25,0,368.93369403417904,0.6680942696351927,1.5278388260806768,0.52110726
kumar,mds,100,0,367.9596505581536,0.6696520746437225,1.5241809377407647,0.5200706
kumar,mds,250,0,367.8409224713751,0.6698883064221061,1.5234689845201315,0.5199393
kumar,mds,500,0,367.85314432632356,0.6699195942886376,1.5234598349953234,0.51991683
kumar,mds,1000,0,367.82199033795297,0.6699709705839257,1.523382215571496,0.5198955
kumar,mds,2500,0,367.80491497539975,0.6699733131856874,1.523373371935017,0.5198848
kumar,mds,5000,0,367.7914386739058,0.6699973587002942,1.5233473912222055,0.51987606
kumar,mds,10000,0,367.78825662373123,0.6700078263169112,1.5233389451132464,0.51987326
kumar,mds,15000,0,367.7876977428367,0.6700015373647518,1.5233314988696531,0.51987416
kumar,mds,5,0,381.77797105393523,0.6503992271891689,1.5864301179071125,0.53291345
kumar,mds,50,0,368.2022168001236,0.6692726111787562,1.5247166361310596,0.5203418
kumar,mds,5,1,81.50444373904304,1.6190538266395034,0.919781263238938,0.23717391
kumar,mds,10,1,57.54294818507397,1.960127593296539,0.7513215497150726,0.17337403
kumar,mds,25,1,42.234490623935265,2.4138245725349727,0.5968075631471558,0.11960584
kumar,mds,50,1,37.392385158998444,2.6586806936921827,0.535075119294007,0.100292675
kumar,mds,100,1,35.03132357746056,2.8094923823872797,0.5024514613761099,0.09060995
kumar,mds,250,1,33.89285766055223,2.893403156976259,0.4857947293888943,0.08584596
kumar,mds,500,1,33.7038826540648,2.9077719195777956,0.48303617585246444,0.08506245
kumar,mds,1000,1,33.64282637095303,2.912391607878298,0.4821553340230169,0.0848124
kumar,mds,2500,1,33.615640275816936,2.914436347390929,0.4817642174175288,0.084701814
kumar,mds,5000,1,33.60757946326605,2.915020922417082,0.4816539270271508,0.084669344
kumar,mds,10000,1,33.60390291931844,2.915321889223074,0.4815960467046004,0.08465364
kumar,mds,15000,1,33.602576943639114,2.915416716965135,0.4815778126937778,0.084648184
kumar,fa,10,0,28.87511624380664,2.158776895663769,0.5463204753518609,0.26775312
kumar,fa,25,0,10.127076552754437,3.7704231082782402,0.30179986107855555,0.1380443
kumar,fa,100,0,2.448026139667627,8.6377661169369,0.14979634891953245,0.051582515
kumar,fa,250,0,0.999999956871436,12.980783877448365,0.15142797129938854,-3.7751665e-08
kumar,fa,500,0,1.000000067842685,12.98078314553702,0.15142797997234986,-3.111017e-08
kumar,fa,1000,0,0.9999999757704696,12.980783876634169,0.15142797547023312,-2.5866882e-08
kumar,fa,2500,0,0.9999998538959317,12.980782969133202,0.1514279882820285,-4.579137e-08
kumar,fa,5000,0,0.9999999595366842,12.980783772625514,0.1514279733263528,-3.8450775e-08
kumar,fa,10000,0,1.0000001216322425,12.980782935030183,0.1514279840599642,-3.7402113e-08
kumar,fa,15000,0,0.9999998960922107,12.98078370212034,0.1514279792152288,-3.390659e-08
kumar,fa,5,0,75.33975437464626,1.1755231426074084,1.134974466612056,0.43735844
kumar,fa,50,0,4.872679704159117,5.551349942718377,0.19093949155578668,0.12791574
kumar,fa,5,1,79.22586314622848,1.1150839572029712,1.4110429804007973,0.42978153
kumar,fa,10,1,30.000402889068184,2.2355796728959345,0.6433595254487093,0.17971681
kumar,fa,25,1,10.467727247074718,4.065071138487305,0.3276507876280568,0.074261986
kumar,fa,50,1,5.030799166240327,6.019360301187451,0.22029189223005982,0.046430174
kumar,fa,100,1,2.4698127034409074,8.736105606962896,0.160494633140477,0.04585261
kumar,fa,250,1,0.9999999367609257,12.980783569669244,0.15142797500942043,-4.124719e-08
kumar,fa,500,1,0.9999999367609257,12.980783569669244,0.15142797500942043,-4.124719e-08
kumar,fa,1000,1,0.9999999367609257,12.980783569669244,0.15142797500942043,-4.124719e-08
kumar,fa,2500,1,0.9999999367609257,12.980783569669244,0.15142797500942043,-4.124719e-08
kumar,fa,5000,1,0.9999999367609257,12.980783569669244,0.15142797500942043,-4.124719e-08
kumar,fa,10000,1,0.9999999367609257,12.980783569669244,0.15142797500942043,-4.124719e-08
kumar,fa,15000,1,0.9999999367609257,12.980783569669244,0.15142797500942043,-4.124719e-08
kumar,fica,10,0,27.436777194253207,2.4130858802223845,0.5290326896991107,0.16867936
kumar,fica,25,0,10.015246827875028,4.121483983395783,0.2914576897432241,0.08050719
kumar,fica,100,0,2.4527082523041117,8.764775904878036,0.15310186277982912,-0.01409079
kumar,fica,250,0,4.560831448462457,9.107156950524354,0.18436372967404926,0.007716948
kumar,fica,500,0,4.560831230871193,9.107156927687411,0.18436373029381706,0.0077169472
kumar,fica,1000,0,4.560830991710495,9.107156955092238,0.18436374866199792,0.007716942
kumar,fica,2500,0,4.560831260108116,9.107157053023604,0.18436372709782756,0.0077169538
kumar,fica,5000,0,4.560831286317014,9.10715705524637,0.18436372706184093,0.0077169486
kumar,fica,10000,0,1.569915021177114,11.474934668555624,0.1661809786903783,0.0012848949
kumar,fica,15000,0,4.560830880818875,9.107157057067864,0.18436372704653808,0.0077169435
kumar,fica,5,0,67.96939157093792,1.4120306626757249,0.9336487286195261,0.33254024
kumar,fica,50,0,4.87820460905373,6.033927866729723,0.19444279580970789,0.029480817
kumar,fica,5,1,79.2977259160963,1.3675973553528757,0.9992751219141335,0.37330747
kumar,fica,10,1,29.965562620784468,2.300569216745014,0.5767639169314513,0.19546726
kumar,fica,25,1,10.461057978775209,3.9444572207597766,0.3111170871960518,0.09665936
kumar,fica,50,1,5.020583493986131,5.844051762915147,0.20581915804869239,0.05594811
kumar,fica,100,1,2.4695953499276895,8.633525148458292,0.15591343991237386,0.062658235
kumar,fica,250,1,1.0046390851134217,12.954423897196635,0.15154926722066514,-8.6157315e-06
kumar,fica,500,1,1.0091011684799456,12.953918905286733,0.15158457118310295,1.753086e-06
kumar,fica,1000,1,1.0026633532973406,12.973152719707372,0.1514463166692522,-5.9095883e-06
kumar,fica,2500,1,1.009101200156796,12.953919391998147,0.15158456898607472,1.7554844e-06
kumar,fica,5000,1,1.0091011754461727,12.953919071596326,0.1515845701202703,1.7654197e-06
kumar,fica,10000,1,1.009101200156796,12.95391916906848,0.15158456731253125,1.7551417e-06
kumar,fica,15000,1,1.009101163358574,12.953918835563243,0.15158457011082618,1.7609663e-06
simk4easy,umap,10,0,20463.48878343676,0.2173818923688081,3.2784288601599583,0.84879625
simk4easy,umap,25,0,22088.376157302642,0.24021032573935625,2.68599329029454,0.84715796
simk4easy,umap,100,0,23557.19345021069,0.20195907313697142,3.2280673057253786,0.8643175
simk4easy,umap,250,0,14658.332173161834,0.19552525849616956,4.143044619315917,0.8477686
simk4easy,umap,500,0,12119.155412474576,0.24304241625647954,2.9699082997078743,0.8439775
simk4easy,umap,5,0,21096.809387956786,0.22716334597122234,3.0526969901485534,0.85433036
simk4easy,umap,50,0,23097.73842364785,0.23608250435995137,2.7674683586043267,0.8499826
simk4easy,umap,5,1,29933.205217540934,0.6314330016333229,1.1143832474976958,0.63096803
simk4easy,umap,10,1,30700.948449871044,0.6138779457823956,1.1455373142869771,0.6232416
simk4easy,umap,25,1,28169.582878466656,0.6645389289241679,1.073382200540919,0.6131453
simk4easy,umap,50,1,27788.365785025988,0.6508839191822192,1.1113098033066295,0.61206704
simk4easy,umap,100,1,26054.572640841274,0.6362053456099507,1.1138321311640809,0.62517035
simk4easy,umap,250,1,27237.948247653454,0.643297926869682,1.1274221514905305,0.6092492
simk4easy,pca,10,0,177.22066772769037,1.4480192067182083,1.148638891535782,0.30314076
simk4easy,pca,25,0,114.7223348150478,1.794010917859186,0.9310885393290624,0.21733779
simk4easy,pca,100,0,72.19387762179898,2.2885623734360876,0.742804617359393,0.1502091
simk4easy,pca,250,0,64.16266585585196,2.4343686013564314,0.7008033515787525,0.13566315
simk4easy,pca,500,0,63.28275372636699,2.4519413745034,0.6958854092625578,0.13405257
simk4easy,pca,5,0,241.89578200118254,1.8767693696551015,0.742642787395923,0.29625866
simk4easy,pca,50,0,87.79521560216313,2.0609946994007795,0.8164896752692833,0.1755119
simk4easy,pca,5,1,1558.4074736744471,0.32708430169181024,4.610410394854577,0.7648706
simk4easy,pca,10,1,495.63733201111563,0.6142376709484639,2.43967605395813,0.5758815
simk4easy,pca,25,1,165.39698342374274,1.1445818155822716,1.3742676714291964,0.35072857
simk4easy,pca,50,1,82.70539423082019,1.743111909097853,0.9214179325654769,0.20002307
simk4easy,pca,100,1,41.238795308007084,2.548643715766439,0.6391803308238492,0.09953558
simk4easy,pca,250,1,17.20802438544713,4.147508398026282,0.4056556266706356,0.032551453
simk4easy,pca,500,1,9.395864159512866,5.835646002722136,0.2984120998905166,0.019778429
simk4easy,isomap,10,0,255.35618320199504,1.0550287667615623,1.123198932221272,0.3187122
simk4easy,isomap,25,0,170.0805366369496,1.3799681157758799,0.9736368927591178,0.21607296
simk4easy,isomap,100,0,105.87263039689974,1.855405876196554,0.7885276367675803,0.1375358
simk4easy,isomap,250,0,91.57086258598245,2.0351071649645576,0.7362280302704748,0.118439205
simk4easy,isomap,5,0,364.2770973740926,0.7823640149480289,1.259409506577232,0.43806177
simk4easy,isomap,50,0,130.5055252075156,1.6195889972560868,0.8691286406469094,0.16724943
simk4easy,isomap,5,1,598.4896546648416,0.7057605870364638,0.9365870136924075,0.45187727
simk4easy,isomap,10,1,340.46411293051295,1.474945898636312,0.5486797635520475,0.35688016
simk4easy,isomap,25,1,201.12888258023906,2.5606344351183914,0.44701728132854546,0.36807936
simk4easy,isomap,50,1,155.66169623377564,2.8874419273191507,0.39185294697413364,0.3363453
simk4easy,isomap,100,1,109.94066352583495,3.2600137204132706,0.33476832210026924,0.25261697
simk4easy,isomap,250,1,59.8249066947288,4.563474963967468,0.2511240492543301,0.13022028
simk4easy,lle,10,0,51.91420331939958,2.2681770942733728,0.3946420542353955,0.13491842
simk4easy,lle,25,0,16.8476767723046,4.359240164910625,0.25336962109436323,0.018611081
simk4easy,lle,100,0,3.78474276742806,10.28222416540023,0.13530680074449608,0.00520574
simk4easy,lle,250,0,1.5168323607678593,16.130724973210203,0.09017538793285043,-0.007587375
simk4easy,lle,5,0,220.05949616999433,0.9892673098636295,0.7039295257651563,0.51929843
simk4easy,lle,50,0,7.896770962382094,6.863654959553294,0.20286377746129594,0.027391447
simk4easy,lle,5,1,69.4175864088324,2.081433892947728,0.6691299054872536,0.1653379
simk4easy,lle,10,1,42.8857422872731,3.048542261642747,0.38982813669612804,0.21459025
simk4easy,lle,25,1,15.520392657014245,4.894786089055991,0.2270784816032146,0.13053732
simk4easy,lle,50,1,9.526787915397387,4.903624987519499,0.2967701624326754,0.03489185
simk4easy,lle,100,1,4.6389931480011874,6.606286803455983,0.24194616719132733,0.023582608
simk4easy,lle,250,1,1.8419927956006439,10.825906693151635,0.15522279387930366,-0.017776674
simk4easy,spectral,10,0,61.52416713424743,1.821719417382866,0.7836226364568756,0.21036975
simk4easy,spectral,25,0,20.008246616711997,3.393963764510571,0.45459781827051615,0.057051696
simk4easy,spectral,100,0,4.657599316686616,7.1480420542191005,0.22071784875712264,-0.03958142
simk4easy,spectral,250,0,1.9513928740735473,11.293266467099816,0.1479011145714174,-0.0033827126
simk4easy,spectral,5,0,193.5545270154004,1.0263116533669878,1.3240786206592126,0.478091
simk4easy,spectral,50,0,9.461535229474324,4.986401976900731,0.31262612603172546,-0.014751779
simk4easy,spectral,5,1,176.4303529251862,0.7854557134153831,1.3091875904879091,0.48591483
simk4easy,spectral,10,1,53.83910239001533,1.737046214622265,0.7456847319703682,0.19561732
simk4easy,spectral,25,1,16.60915322428946,3.3988134857024397,0.45281393298267536,0.03889257
simk4easy,spectral,50,1,7.5572792736465,5.197521209041179,0.28255660222052187,0.024246559
simk4easy,spectral,100,1,3.6086159380543017,7.6443701281846135,0.15853896629059777,-0.0075652543
simk4easy,spectral,250,1,1.2162295029889407,13.392743234323996,0.11685998165922197,-0.031802185
simk4easy,mds,10,0,87.7493577330636,1.899883024005784,0.8279972381720331,0.17248124
simk4easy,mds,25,0,72.28596803240588,2.099696914638621,0.8040311585702458,0.15263227
simk4easy,mds,100,0,64.32751861994885,2.4309847738913932,0.7001452265470078,0.13597013
simk4easy,mds,250,0,63.062223580187855,2.503446884653644,0.6799256736915913,0.13306057
simk4easy,mds,500,0,62.734144649473514,2.523206462587757,0.6746480069190467,0.13227133
simk4easy,mds,1000,0,62.598048727276364,2.5330704421603287,0.6717438798898314,0.13194543
simk4easy,mds,2500,0,62.52841773261302,2.5372497701365226,0.6706634748746345,0.13177492
simk4easy,mds,5000,0,62.51474782145293,2.5371830417252035,0.6706864576674277,0.13176495
simk4easy,mds,10000,0,62.50079853435513,2.5387481296973933,0.6702253731312153,0.1317208
simk4easy,mds,15000,0,62.49606360381976,2.538934269291896,0.6702102619488943,0.13171186
simk4easy,mds,5,0,115.09077236181743,1.816945470907237,0.8180588893073136,0.20499304
simk4easy,mds,50,0,66.8416081024409,2.302855813724559,0.7386245269853737,0.14145415
simk4easy,mds,5,1,42.615421043091764,15.904807549214095,0.06961912287201417,0.09480913
simk4easy,mds,10,1,28.60383863866585,5.4575720812285144,0.2565460386381378,0.055439472
simk4easy,mds,25,1,17.762107614797927,6.058126774842824,0.2479218387154752,0.035919074
simk4easy,mds,50,1,13.352271128845002,6.305903708974378,0.2404258455409931,0.026078409
simk4easy,mds,100,1,11.146718716526102,6.162633897307208,0.26496620414427074,0.021739898
simk4easy,mds,250,1,9.5896276172201,6.37443951878425,0.26207362295163505,0.018811718
simk4easy,mds,500,1,9.259734318637177,6.37869951796882,0.2668429106363099,0.018540755
simk4easy,mds,1000,1,9.083186661084772,6.435143104839001,0.2642054615256809,0.018290404
simk4easy,mds,2500,1,9.030936737045375,6.409847777120848,0.2652561101493378,0.018287536
simk4easy,mds,5000,1,8.999626439739147,6.458400788228003,0.2627510710613682,0.018171076
simk4easy,mds,10000,1,8.99714201796877,6.447010464181254,0.2634327682284595,0.018173248
simk4easy,mds,15000,1,8.987246955873522,6.459939159352234,0.2628226081564676,0.018138185
simk4easy,fica,10,0,61.20100599990801,1.9142019647735882,0.8888682298772174,0.17695083
simk4easy,fica,25,0,20.533739730737476,3.3987525755082375,0.49558170160516396,0.064030975
simk4easy,fica,100,0,4.949516852955499,7.073093935288885,0.2436529764423442,0.014039917
simk4easy,fica,250,0,1.9787974529962054,11.241366500096238,0.15236018445282287,0.003207089
simk4easy,fica,500,0,1.1401696555590375,14.302926313383082,0.1294281863665738,-3.269169e-05
simk4easy,fica,1000,0,1.1401697200706693,14.30292607472481,0.12942818648309895,-3.2705986e-05
simk4easy,fica,2500,0,1.1401696851140775,14.302926158019073,0.12942818983654172,-3.2685264e-05
simk4easy,fica,5000,0,1.140169679077695,14.302927155506609,0.12942817264267747,-3.268039e-05
simk4easy,fica,15000,0,1.1401696353670323,14.30292607472481,0.12942818648309895,-3.270044e-05
simk4easy,fica,5,0,102.74736810273255,2.0095367729083264,0.7645342335250549,0.19919111
simk4easy,fica,50,0,9.962473538948263,4.942852739107379,0.3458772231628576,0.03191698
simk4easy,fica,5,1,240.44904954862423,0.7150450724502287,2.265528354772503,0.5441861
simk4easy,fica,10,1,69.6151967022501,1.3822358094935487,1.1504180052334831,0.32082495
simk4easy,fica,25,1,22.25461849400524,2.6681486446505054,0.610913922591895,0.10290837
simk4easy,fica,50,1,10.435219131545706,4.147598809857551,0.39796554935607137,0.0066225585
simk4easy,fica,100,1,5.066488846283187,6.328065380226883,0.261660878235156,-0.026025185
simk4easy,fica,250,1,1.9990214268857274,10.792648072756311,0.15595305184138272,-0.018389335
simk4easy,fica,500,1,1.0002087538146072,15.852377261830036,0.10839933319647971,-2.066995e-06
simk4easy,fica,1000,1,1.0002086984616576,15.852377395399245,0.10839933239570973,-2.0590714e-06
simk4easy,fica,2500,1,1.0002087384299319,15.852375960327752,0.10839934703058252,-2.0686807e-06
simk4easy,fica,5000,1,1.0000677574132595,15.852764544564682,0.10840877206287455,-1.8052517e-06
simk4easy,fica,10000,1,1.0002087494867742,15.852376332377872,0.10839934611219154,-2.0501361e-06
simk4easy,fica,10000,0,1.1401697200706693,14.302926305028759,0.12942818648417015,-3.269925e-05
simk4easy,fica,15000,1,1.0002087187174238,15.852376317051553,0.10839934643046222,-2.0545194e-06
simk4easy,fa,10,0,70.53450006320413,1.6956569191994344,0.9986349295671177,0.22223407
simk4easy,fa,25,0,22.532862084958023,3.104606389772748,0.5425965163858918,0.08606912
simk4easy,fa,100,0,5.120553514633766,6.694532206991238,0.2516546295273737,-0.002952097
simk4easy,fa,250,0,2.0015180058657034,11.047699807535237,0.15337398530181517,-0.00936093
simk4easy,fa,500,0,0.9999999483208535,15.85361943851904,0.1083995134562824,-1.3751971e-08
simk4easy,fa,1000,0,1.0000000199015413,15.853619400006139,0.10839952081783713,-1.0494925e-08
simk4easy,fa,2500,0,1.0000001028776169,15.853617011208819,0.10839954713152125,-1.08568186e-08
simk4easy,fa,5000,0,0.9999998037904884,15.853620081362639,0.10839951238688016,-1.3751971e-08
simk4easy,fa,10000,0,0.9999998500411158,15.853622181039135,0.10839949275031693,-1.3993232e-08
simk4easy,fa,15000,0,0.9999999382008768,15.853621260783104,0.10839949504396208,-1.00124e-08
simk4easy,fa,5,0,241.71089766884273,0.8306972459232791,1.9509233908502726,0.47792768
simk4easy,fa,50,0,10.56941570816907,4.575988610571649,0.367790483717535,0.0269039
simk4easy,fa,5,1,235.67967727717897,0.8544089183785761,1.9722016750448308,0.4678426
simk4easy,fa,10,1,69.16584454903324,1.7258962400103879,0.9834953203238243,0.22110751
simk4easy,fa,25,1,22.345598772778423,3.152843424294727,0.5393438654594869,0.08245339
simk4easy,fa,50,1,10.53741071705648,4.6550170809324865,0.3641793762098124,0.02553274
simk4easy,fa,100,1,5.116200542088652,6.756411877293138,0.2507639132268385,0.0009457633
simk4easy,fa,250,1,2.010667480808417,11.009127031622862,0.15510170820928626,-0.0060873623
simk4easy,fa,500,1,0.9999998992771263,15.853619607893439,0.10839952077495892,-9.771136e-09
simk4easy,fa,1000,1,0.9999998992771263,15.853619607893439,0.10839952077495892,-9.771136e-09
simk4easy,fa,2500,1,0.9999998992771263,15.853619607893439,0.10839952077495892,-9.771136e-09
simk4easy,fa,5000,1,0.9999998992771263,15.853619607893439,0.10839952077495892,-9.771136e-09
simk4easy,fa,10000,1,0.9999998992771263,15.853619607893439,0.10839952077495892,-9.771136e-09
simk4easy,fa,15000,1,0.9999998992771263,15.853619607893439,0.10839952077495892,-9.771136e-09
simk8hard,pca,10,0,31.589864059457415,4.0377132101670945,0.23517613904736676,0.038120486
simk8hard,pca,25,0,20.61558708102968,3.2904550699919746,0.41122937816161015,0.036233906
simk8hard,pca,100,0,12.954665994401573,3.758055253817014,0.36545560760297596,0.038770296
simk8hard,pca,250,0,11.450956548752679,3.995781079234363,0.3454386738808183,0.034284115
simk8hard,pca,5,0,23.95680262727699,7.375953902660639,0.16315397383180016,-0.022463467
simk8hard,pca,50,0,15.721604237225595,3.483927734094917,0.3916349895483067,0.044421386
simk8hard,pca,5,1,369.0395127959431,2.0961816667414794,0.26531954430968857,0.46136987
simk8hard,pca,10,1,133.83610948267068,0.8752381026658778,1.6893195449055705,0.4352643
simk8hard,pca,25,1,34.355989144660775,1.6893582786741743,0.8435263266886344,0.18465352
simk8hard,pca,50,1,15.749869223916244,2.581842721046456,0.6196731360037742,0.06583518
simk8hard,pca,100,1,8.211219619433274,3.629473220189399,0.4448069949365097,0.031478286
simk8hard,pca,250,1,3.551396211232139,5.698791299015445,0.2884144414093809,-0.0014645805
simk8hard,umap,10,0,186.1355771129417,4.1077416990181,0.20294975391690376,0.19000329
simk8hard,umap,25,0,190.345999580482,4.106106273138409,0.20652941398941005,0.19085574
simk8hard,umap,100,0,183.68751884575823,4.022939935667632,0.21785786434329268,0.19405964
simk8hard,umap,250,0,187.66606711419482,4.018353626031214,0.21185263736021984,0.18784402
simk8hard,umap,5,0,165.13122267200723,3.907298975024844,0.21692679864533765,0.18131676
simk8hard,umap,50,0,186.95076720961112,3.9718967611882365,0.2201787198607781,0.19099839
simk8hard,umap,5,1,13.597662532195676,5.841657424287123,0.23070058320522224,-0.0031429895
simk8hard,umap,10,1,16.933364835605506,4.771005737564833,0.31590500563320395,0.036413457
simk8hard,umap,25,1,16.052740487915152,4.931488377960783,0.31525411491674676,0.041751094
simk8hard,umap,50,1,16.84378858563574,4.898501405805558,0.2975218163566381,0.048203304
simk8hard,umap,100,1,16.030400402233873,4.95516003643729,0.31322048745432063,0.04463009
simk8hard,umap,250,1,15.961320048090146,5.07927643267281,0.2885911755214102,0.041965183
simk8hard,isomap,10,0,38.507394030184244,4.1123057284818865,0.22162800697187196,0.03888589
simk8hard,isomap,25,0,24.527047908232657,3.8372430639980237,0.30854594992491907,0.036774945
simk8hard,isomap,100,0,14.538539568389572,4.535140397038941,0.2743063216267651,0.017050963
simk8hard,isomap,5,0,53.069684946252586,4.9983854410482955,0.2019928280758783,-5.228295e-05
simk8hard,isomap,50,0,18.400140850003414,4.152813368141902,0.29454386851444997,0.02594216
simk8hard,isomap,5,1,24.6598713636752,6.27296935827751,0.19390548937358215,0.18480605
simk8hard,isomap,10,1,18.344062208237446,5.135119864124679,0.14894622525385656,0.107848465
simk8hard,isomap,25,1,13.324887487414468,4.286553946416392,0.22139036280311233,0.036433693
simk8hard,isomap,50,1,9.434151062251061,4.804853002534514,0.19939575001810061,-0.053196985
simk8hard,isomap,100,1,6.220080656233227,5.150788546630013,0.26227709000337535,0.034007385
simk8hard,isomap,250,1,3.405442395445722,6.714281330081251,0.21680551612654508,-0.006372126
simk8hard,spectral,10,0,48.63103535059187,3.5225585661397445,0.2455276094794653,0.1265642
simk8hard,spectral,25,0,16.66161989716228,3.3014826738264196,0.3704186105717897,0.079385534
simk8hard,spectral,100,0,4.346675847611833,5.705902136485475,0.23629180837697253,0.006995033
simk8hard,spectral,250,0,1.9292143794824674,8.481340650579268,0.16039909808540348,-0.015870932
simk8hard,spectral,5,0,53.65156599114398,4.929435888404063,0.205005341511981,0.03635177
simk8hard,spectral,50,0,8.352490524908175,4.245071734252344,0.2981726794955925,0.03857966
simk8hard,spectral,5,1,224.57152375093565,1.4980344462312498,0.36237839059286026,0.3774406
simk8hard,spectral,10,1,72.86502392418163,1.2460547846393648,1.0043155277339522,0.27202034
simk8hard,spectral,25,1,18.988700244394163,2.5906304989867897,0.549521162232923,0.09341531
simk8hard,spectral,50,1,8.55712744677309,3.8732317736734165,0.36373644917747,0.03232737
simk8hard,spectral,100,1,3.79333081717281,5.654546373311934,0.21334968943566385,-0.011702459
simk8hard,spectral,250,1,1.3126006437791886,10.023992100215866,0.15301258618449856,-0.021809561
simk8hard,lle,10,0,35.13521441944376,2.8847073087953152,0.35928517147558486,0.046344142
simk8hard,lle,25,0,12.025991000200754,4.012256806583879,0.27721616890112666,-0.0019984802
simk8hard,lle,100,0,3.690496642796305,6.174420787741035,0.22883192557403356,0.012075462
simk8hard,lle,250,0,1.7410365142459614,8.934647027347683,0.1716753857074461,-0.0011712746
simk8hard,lle,5,0,63.3371189034988,5.22986730708431,0.1174416102531109,0.00033893422
simk8hard,lle,50,0,6.43963219643298,4.98950851602685,0.24917967721680634,0.00682693
simk8hard,lle,5,1,33.13167149777891,6.578726154711013,0.19454634386689743,0.20071107
simk8hard,lle,10,1,18.38775959720548,4.982015492431186,0.1261329713436264,0.113187954
simk8hard,lle,25,1,7.6712034510303635,4.887775919968211,0.24638228226782422,-0.044377603
simk8hard,lle,50,1,3.8282446056696444,6.139364517772915,0.20758378579344638,-0.08460362
simk8hard,lle,100,1,2.141147389244044,7.35400881318075,0.20323211376802772,-0.06834692
simk8hard,lle,250,1,1.2565315246982847,9.606095107968656,0.17118425839319895,-0.03641805
simk8hard,mds,10,0,19.819008272940888,4.092858540125231,0.31817962138548045,0.048202246
simk8hard,mds,25,0,14.50722846109153,4.282609473722823,0.299884096325235,0.040146608
simk8hard,mds,100,0,11.36886199608931,4.162612002200524,0.3371003721621778,0.0321302
simk8hard,mds,250,0,10.676752073454262,4.349841709790277,0.31953170311947815,0.029492475
simk8hard,mds,500,0,10.469373268678547,4.3920438647145605,0.31671897118617615,0.028865142
simk8hard,mds,1000,0,10.420821605510016,4.395391021774904,0.31563793541364155,0.0286957
simk8hard,mds,2500,0,10.3846453820695,4.399373612529736,0.3147884484731696,0.028546572
simk8hard,mds,5000,0,10.36373936643106,4.41015752576496,0.31370289172914406,0.028435273
simk8hard,mds,10000,0,10.359233080609334,4.409081832972026,0.3139760565222775,0.0284314
simk8hard,mds,15000,0,10.356911331268607,4.407427222593183,0.31411599143630997,0.028417954
simk8hard,mds,5,0,18.598668122199243,4.548379344862619,0.308318880097574,-0.0022541643
simk8hard,mds,50,0,12.59994449666637,4.021848577414726,0.3546064275022604,0.035868987
simk8hard,mds,5,1,1.6104958902239708,14.875900181711879,0.07190981849171545,-0.06930199
simk8hard,mds,10,1,1.8530844181657384,9.572379784231769,0.17949150611646578,-0.037441134
simk8hard,mds,25,1,1.8983385121760732,8.746277486885639,0.19258639389561855,-0.021803038
simk8hard,mds,50,1,1.9344100318416453,8.60293631564732,0.18223832609724713,-0.012948169
simk8hard,mds,100,1,1.8290252872698194,8.166092788359041,0.21330009932169203,-0.007378332
simk8hard,mds,250,1,1.6210549288056364,8.708432020949266,0.19158596695941904,-0.0040224674
simk8hard,mds,500,1,1.6179547758148702,8.680009516154096,0.19362865236305446,-0.00215808
simk8hard,mds,1000,1,1.593288762836219,8.748323746079627,0.19204135386326285,-0.0013099796
simk8hard,mds,2500,1,1.5611543307787739,8.836123232590971,0.19024089640775413,-0.00089062407
simk8hard,mds,5000,1,1.5735230310297639,8.801028927238754,0.1914972852029717,-0.00038451553
simk8hard,mds,10000,1,1.5735871930644427,8.801146709134077,0.19139587312396086,-0.00023108388
simk8hard,fica,10,0,30.146367199444406,4.026967091135933,0.22882568906488077,0.03871072
simk8hard,fica,25,0,13.379802826006989,3.4780536601132837,0.399840453004488,0.024963882
simk8hard,fica,100,0,4.208233836494144,5.591292659682397,0.2889722706711031,0.013027156
simk8hard,fica,250,0,1.8360338809217163,8.542606341085252,0.19164913994086782,0.0022794947
simk8hard,fica,500,0,1.052217797364411,11.422310817614775,0.14301569407118067,-0.00035121918
simk8hard,fica,1000,0,1.0522178118635017,11.422310810351263,0.14301569190867577,-0.0003511903
simk8hard,fica,2500,0,1.0522178910960927,11.422310838828299,0.1430156919076633,-0.00035119028
simk8hard,fica,5000,0,1.0522178753955302,11.422310921164327,0.14301569407118067,-0.00035119773
simk8hard,fica,10000,0,1.0522179400111158,11.422310856446337,0.1430156919076633,-0.00035119924
simk8hard,fica,15000,0,1.0522178081484335,11.422310750831938,0.14301569475186524,-0.00035118067
simk8hard,fica,5,0,18.971161060914635,7.371365158985041,0.17033469639977664,-0.02894451
simk8hard,fica,50,0,7.537809483343328,4.2445731841917285,0.3605713268572722,0.027345639
simk8hard,fica,5,1,357.6404110594738,2.063165545050287,0.24372520489649854,0.45186237
simk8hard,fica,10,1,110.27898412748517,0.8687095838783065,1.5623239846877326,0.4535298
simk8hard,fica,25,1,23.27166780692328,1.9348709680548586,0.7005060123442047,0.17673935
simk8hard,fica,50,1,10.233677419153144,3.057613780957679,0.4634276650998709,0.053597447
simk8hard,fica,100,1,4.882130835470458,4.719933639913332,0.31289430161065307,-0.006588263
simk8hard,fica,250,1,1.9485726615821457,8.041363747937362,0.1938659452830946,-0.02169443
simk8hard,fica,500,1,1.0000103318569344,11.683423885368192,0.13985802495636715,-6.6763528e-06
simk8hard,fica,1000,1,1.000010298317975,11.683423736332397,0.13985802497308225,-6.704563e-06
simk8hard,fica,2500,1,1.0000102962931747,11.68342387164296,0.13985802555125335,-6.708786e-06
simk8hard,fica,5000,1,1.0000102948048184,11.683424055931798,0.13985802483243812,-6.7503406e-06
simk8hard,fica,10000,1,1.0000103390924084,11.683423555218553,0.13985803309592262,-6.692738e-06
simk8hard,fica,15000,1,1.0000297498749224,11.683328486667278,0.13985951255042506,-2.446345e-06
simk8hard,fa,10,0,83.64958869716615,1.1029761451479612,1.423143894178962,0.32600328
simk8hard,fa,25,0,21.06484907724427,2.326395777213164,0.6924522322424316,0.110661894
simk8hard,fa,100,0,4.957446005627085,4.970911693121617,0.3065483643443756,0.010602625
simk8hard,fa,250,0,1.9430309635999217,8.21639635578861,0.1927375132294726,-0.009566841
simk8hard,fa,500,0,0.999999994880792,11.683426583681946,0.13986038809430443,-1.8149104e-09
simk8hard,fa,1000,0,0.9999999783518329,11.683426953169773,0.1398603780280162,-2.2988873e-09
simk8hard,fa,2500,0,1.0000000094766164,11.68342684315395,0.13986038360349579,-1.4640287e-08
simk8hard,fa,5000,0,1.0000000509443572,11.683426217768835,0.13986039477437331,-1.42773064e-08
simk8hard,fa,10000,0,1.0000000235593396,11.683427135063473,0.13986038156156608,-1.3430347e-08
simk8hard,fa,15000,0,0.9999999599226848,11.683426289662314,0.13986039601371544,-1.3672335e-08
simk8hard,fa,5,0,536.9563520552792,1.1588775658903063,0.5307686618131735,0.5113606
simk8hard,fa,50,0,10.142672275281999,3.3936711318009936,0.44443089925087753,0.052482523
simk8hard,fa,5,1,295.724058315954,1.4695731205971234,0.5056795205649263,0.41612858
simk8hard,fa,10,1,64.05075375150795,1.3354888503312778,1.1104152003978942,0.2257287
simk8hard,fa,25,1,19.379100412889,2.453330406032141,0.6890047109540729,0.093619764
simk8hard,fa,50,1,9.475585160515877,3.563172722892591,0.44288872955345215,0.04424804
simk8hard,fa,100,1,4.7835166702470655,5.0982998042846575,0.31073453394846917,0.0103759635
simk8hard,fa,250,1,1.9550426500018343,8.193797146435195,0.19493477169675105,-0.006647089
simk8hard,fa,500,1,1.000000075570494,11.683426668653958,0.1398603861620987,-1.149444e-08
simk8hard,fa,1000,1,1.000000075570494,11.683426668653958,0.1398603861620987,-1.149444e-08
simk8hard,fa,2500,1,1.000000075570494,11.683426668653958,0.1398603861620987,-1.149444e-08
simk8hard,fa,5000,1,1.000000075570494,11.683426668653958,0.1398603861620987,-1.149444e-08
simk8hard,fa,10000,1,1.000000075570494,11.683426668653958,0.1398603861620987,-1.149444e-08
simk8hard,fa,15000,1,1.000000075570494,11.683426668653958,0.1398603861620987,-1.149444e-08
zhengmix8eq,pca,10,0,1103.0382560093942,2.3619047138627036,0.35595589015307394,0.2073988
zhengmix8eq,pca,25,0,740.7591756962428,2.956293197107824,0.29567526611596623,0.16204846
zhengmix8eq,pca,100,0,441.8916642524036,3.8455726368589347,0.23301368619620486,0.11076584
zhengmix8eq,pca,250,0,367.26298751953874,4.166620797258739,0.20578615083813784,0.09015163
zhengmix8eq,pca,500,0,334.46498002690146,4.344937315217102,0.19371845233584012,0.0796979
zhengmix8eq,pca,1000,0,307.63241672440085,4.532014124302853,0.1860239391653381,0.07065001
zhengmix8eq,pca,2500,0,284.05513900533776,4.74677127062755,0.18170767768116006,0.06332738
zhengmix8eq,pca,5,0,1536.459233103698,2.222512215373539,0.4238216957562799,0.23250718
zhengmix8eq,pca,50,0,563.2935833860649,3.4073626428941424,0.2603672127487091,0.13507389
zhengmix8eq,pca,5,1,3554.342260110821,1.5313673666703242,0.5550125144370593,0.34548825
zhengmix8eq,pca,10,1,1971.4314265242117,1.763688245106375,0.5490087382952957,0.30376676
zhengmix8eq,pca,25,1,1124.8155085413896,2.3302666424388176,0.39830859675911023,0.22480862
zhengmix8eq,pca,50,1,693.1420287332536,2.949021406029242,0.3065742253221321,0.1637124
zhengmix8eq,pca,100,1,416.1344014940314,3.7698051270278987,0.24051241571728985,0.105585515
zhengmix8eq,pca,250,1,217.8846180179415,5.150778619089509,0.17988897022124092,0.041938227
zhengmix8eq,pca,500,1,144.5622322778278,6.2575162016014865,0.15266841206751636,0.010145003
zhengmix8eq,pca,1000,1,102.41526056651864,7.358934897390632,0.1350614249755582,-0.010911374
zhengmix8eq,pca,2500,1,75.76717611098775,8.478700968241661,0.12349904522708302,-0.019086307
zhengmix8eq,umap,10,0,14703.033961268204,1.6713345204755474,0.45664492950914654,0.44325122
zhengmix8eq,umap,25,0,14492.976141094432,1.7131327116255877,0.43682388693900787,0.44066975
zhengmix8eq,umap,100,0,14632.66110342154,1.7457564001667987,0.4255996032288521,0.4423875
zhengmix8eq,umap,250,0,14616.249443650848,1.686636042541677,0.45310383370030116,0.44023377
zhengmix8eq,umap,500,0,14959.724471784124,1.7968350340713708,0.411773254936632,0.44367564
zhengmix8eq,umap,1000,0,14633.560470401824,1.8330992284387995,0.3979628176286126,0.43977216
zhengmix8eq,umap,2500,0,14102.786061126559,1.7127315235449672,0.4407092712556815,0.4392105
zhengmix8eq,umap,5,0,13474.846503608276,1.794361195062336,0.39991186887467545,0.4403362
zhengmix8eq,umap,50,0,14547.593852408214,1.8201060902548316,0.40217186181300507,0.44240093
zhengmix8eq,umap,5,1,19162.480591733834,0.8424156720463111,1.3957619810973398,0.53257316
zhengmix8eq,umap,10,1,19588.543709858885,0.8632663359967085,1.368626647453222,0.52697086
zhengmix8eq,umap,25,1,19156.019749295207,0.862473828187136,1.3522989531314034,0.5277257
zhengmix8eq,umap,50,1,18789.734497353216,0.8502797492135447,1.3870545583395137,0.5317229
zhengmix8eq,umap,100,1,18691.502694395254,0.8615556637930999,1.372479044052561,0.5272224
zhengmix8eq,umap,250,1,18443.044016782133,0.8667312144386161,1.3057802509356193,0.5285986
zhengmix8eq,umap,500,1,18544.408473738757,0.8542524472165072,1.329298104029535,0.5312549
zhengmix8eq,umap,1000,1,18023.89879621229,0.8579511711817578,1.2965596006331723,0.528599
zhengmix8eq,umap,2500,1,18769.356975040755,0.8453558068458136,1.445594117169413,0.52978086
zhengmix8eq,isomap,10,0,2159.541144777905,2.297792191146805,0.3453438193131648,0.26893088
zhengmix8eq,isomap,25,0,1459.274591527708,2.752291034955104,0.3102394025182843,0.23139681
zhengmix8eq,isomap,100,0,920.6412896878438,3.5134961984987023,0.2489157891173044,0.17591557
zhengmix8eq,isomap,250,0,724.8692440324317,3.9736904955748673,0.2218134318938044,0.15131699
zhengmix8eq,isomap,500,0,622.4309478888289,4.300495316239227,0.2037052990913349,0.13519679
zhengmix8eq,isomap,1000,0,548.8623424946597,4.622733794120876,0.19199255781397456,0.12265038
zhengmix8eq,isomap,5,0,3152.7420781090464,1.9590148959837492,0.43021566184588633,0.30539128
zhengmix8eq,isomap,50,0,1137.5498475231689,3.1371662692347666,0.2729099088610603,0.20022771
zhengmix8eq,isomap,5,1,3218.563706441996,2.9957796174717313,0.22663452365221082,0.26971224
zhengmix8eq,isomap,10,1,2201.1967342987123,3.498232931839154,0.20155924128067473,0.24893299
zhengmix8eq,isomap,25,1,1607.4050843800962,4.165722819721589,0.176565356586777,0.23018439
zhengmix8eq,isomap,50,1,1352.0731364428755,4.5596518408166995,0.1615670686574043,0.21713446
zhengmix8eq,isomap,100,1,1154.6135837427832,4.888408754821956,0.14975592891395131,0.2049343
zhengmix8eq,isomap,250,1,953.6114116872699,5.311405913580045,0.1348309121999857,0.18559371
zhengmix8eq,isomap,500,1,842.8325543620214,5.609380117202429,0.1263537881733966,0.17090204
zhengmix8eq,isomap,1000,1,745.940757874734,5.846208406949249,0.11109423462735833,0.15129937
zhengmix8eq,isomap,2500,1,599.2503940504354,6.759352426139187,0.11135445222238904,0.11209886
zhengmix8eq,fa,10,0,262.68977676628214,1.7387204383102404,0.5736470697493395,0.27202982
zhengmix8eq,fa,25,0,90.05170007541433,2.5475122690328638,0.1953411425035247,0.07636479
zhengmix8eq,fa,100,0,23.412743916737682,6.227421728488521,0.07326657968345039,-0.14287199
zhengmix8eq,fa,250,0,9.546216026303826,10.264675387841274,0.044942447632289544,-0.18864466
zhengmix8eq,fa,500,0,4.909707227301932,16.04965224792253,0.03007023845606646,-0.19973128
zhengmix8eq,fa,1000,0,2.6478916726524684,23.01585848435868,0.028739387228606215,-0.21706882
zhengmix8eq,fa,5000,0,0.9999999791504743,32.87538249863844,0.05778318659771623,-1.4597676e-08
zhengmix8eq,fa,10000,0,1.0000000389128805,32.87537481028678,0.05778320395334296,-2.0624826e-08
zhengmix8eq,fa,15000,0,1.0000000021489908,32.8753760581038,0.057783206203291866,-2.3061334e-08
zhengmix8eq,fa,2500,0,1.2842170535903115,29.141320114824747,0.04648389019208149,-0.1922843
zhengmix8eq,fa,5,0,911.3420826376538,1.5758333029457288,0.4792613811299771,0.2745959
zhengmix8eq,fa,50,0,45.88008142290301,4.138916037374786,0.11255008929339387,-0.0621025
zhengmix8eq,fa,5,1,847.8856464799948,1.9649575840361173,0.3823359359236069,0.2677401
zhengmix8eq,fa,10,1,273.9855276128855,2.1068052616563193,0.29570111243733793,0.22969545
zhengmix8eq,fa,25,1,99.41656609389692,2.607711714402051,0.23719447900447713,0.06718068
zhengmix8eq,fa,50,1,48.8605681114431,4.349032973791805,0.13584808995220782,-0.08466187
zhengmix8eq,fa,100,1,24.754251333601456,6.449764131809539,0.09406046809625589,-0.14354163
zhengmix8eq,fa,250,1,10.363239421242916,10.221844743547265,0.06222938451684849,-0.17791821
zhengmix8eq,fa,500,1,5.348568922568629,14.278019904529403,0.04650370158939018,-0.18715884
zhengmix8eq,fa,1000,1,2.721561362712938,22.685217230945348,0.02945584564048813,-0.19263498
zhengmix8eq,fa,5000,1,1.0000001358050692,32.875376316251035,0.05778320234005427,-2.3339183e-08
zhengmix8eq,fa,2500,1,1.290372410994721,29.250168475389962,0.04514194240745488,-0.17486136
zhengmix8eq,fa,10000,1,0.9999998211981355,32.87537629770921,0.05778320315674193,-1.752576e-08
zhengmix8eq,fa,15000,1,1.000000093234588,32.87537571691507,0.0577832056255511,-1.7653996e-08
zhengmix8eq,spectral,10,0,369.65289905381616,2.4693181266947373,0.43440913463512876,0.2031364
zhengmix8eq,spectral,25,0,110.03180604809036,4.026469848781038,0.3129369324897255,0.077864714
zhengmix8eq,spectral,100,0,25.22724982545432,7.852875501864122,0.17739715280740878,-0.09551766
zhengmix8eq,spectral,250,0,10.106295676230701,11.733725291760628,0.12603762594955709,-0.12722103
zhengmix8eq,spectral,500,0,5.222234180902217,15.725127199247659,0.10117088597380626,-0.12729785
zhengmix8eq,spectral,1000,0,2.8396021132393234,20.31175630724122,0.0849656021145255,-0.090091296
zhengmix8eq,spectral,2500,0,1.3641814764232825,27.64759172514249,0.06640569807859321,-0.0362622
zhengmix8eq,spectral,5,0,1701.4867155017528,1.7599743061416375,0.5067240941678453,0.3520892
zhengmix8eq,spectral,50,0,51.86797517096489,5.647264243273886,0.24105254661304387,-0.038989168
zhengmix8eq,spectral,5,1,1549.1108429049486,1.589865179863648,0.6232610207076816,0.3151136
zhengmix8eq,spectral,10,1,362.7193075328266,2.1215516487417267,0.5650228224625212,0.16476554
zhengmix8eq,spectral,25,1,109.41636716759234,3.6344851432273373,0.36969067937049654,0.053611312
zhengmix8eq,spectral,50,1,50.23606315798076,5.523829131195223,0.26218400630816374,-0.0036146673
zhengmix8eq,spectral,100,1,24.12200572777503,7.79248459492785,0.19176901542962183,-0.059271846
zhengmix8eq,spectral,250,1,9.417638980451308,11.667917930708263,0.13787345814603005,-0.047702786
zhengmix8eq,spectral,500,1,4.750488524102009,15.729129885759356,0.10178266099854812,-0.030276047
zhengmix8eq,spectral,1000,1,2.452477734948072,21.020625203632523,0.07945604197420143,-0.05630162
zhengmix8eq,spectral,2500,1,1.1139087719147058,30.382311826069852,0.0545431253641641,-0.08991181
zhengmix8eq,fica,10,0,323.05947169787504,2.720976612615947,0.29853908883648356,0.104083784
zhengmix8eq,fica,25,0,104.72775464783881,4.585781351351102,0.2188169071151163,0.030767614
zhengmix8eq,fica,100,0,25.637161367154885,8.093251100223037,0.14025189880635028,-0.02766067
zhengmix8eq,fica,250,0,10.73519836240955,11.599819982795184,0.09376998788149202,-0.054562654
zhengmix8eq,fica,500,0,5.650981528477493,15.55235436196189,0.07196978233110445,-0.07774736
zhengmix8eq,fica,1000,0,3.087792589222839,20.31957876537635,0.06270527487785903,-0.08865733
zhengmix8eq,fica,5000,0,1.0653849446602677,32.246837888959654,0.05779988825404842,2.770785e-06
zhengmix8eq,fica,10000,0,1.0370458714464572,32.43568999788141,0.057782848160222125,1.6024774e-06
zhengmix8eq,fica,15000,0,1.0370459454769605,32.43569025856843,0.057782847751595166,1.597305e-06
zhengmix8eq,fica,5,0,927.5068953507802,2.3934876799491582,0.3204172631767259,0.1828027
zhengmix8eq,fica,50,0,51.233223994239445,6.055697428425505,0.17802459413246874,-0.003963912
zhengmix8eq,fica,5,1,1492.9516868744188,1.6552550934413057,0.5449802556203787,0.2861171
zhengmix8eq,fica,10,1,401.7200526458007,2.2481985730029663,0.5485501692971915,0.15860525
zhengmix8eq,fica,25,1,118.90935834965829,3.8990694903813754,0.2887525840632381,0.02868306
zhengmix8eq,fica,50,1,54.681835962369696,5.663306827492747,0.19557916331000916,-0.021337476
zhengmix8eq,fica,100,1,26.867346750060403,7.885453582085366,0.14444186292848682,-0.04437844
zhengmix8eq,fica,250,1,11.001254075858531,11.754588765503694,0.10380931064290337,-0.06032777
zhengmix8eq,fica,500,1,5.79734961357676,15.50601034622661,0.08408376322193446,-0.067012504
zhengmix8eq,fica,1000,1,3.1341600559327683,19.954188211808628,0.07377077210028272,-0.07006287
zhengmix8eq,fica,2500,0,1.4343881968440944,28.26758145345297,0.06291442241829957,-0.06455556
zhengmix8eq,fica,10000,1,1.0027211397045448,32.80702961920784,0.05815851102944871,-2.5824545e-06
zhengmix8eq,lle,10,0,349.6127353058078,2.4957949187064443,0.2866162102235842,0.22586057
zhengmix8eq,lle,25,0,106.38628109495428,3.9514683752516726,0.3107869265172769,0.051819973
zhengmix8eq,lle,100,0,23.519864539092126,9.385396468287707,0.162029309668705,-0.019566374
zhengmix8eq,lle,250,0,9.771507500085384,13.270507484597218,0.11471232507237981,-0.028170463
zhengmix8eq,lle,500,0,5.1623218437712906,17.002226513239677,0.09280795224840284,-0.020462852
zhengmix8eq,lle,1000,0,2.6020795741468317,27.505645785863756,0.06089183302971885,-0.019257952
zhengmix8eq,lle,2500,0,1.3343240877902862,31.208032068718964,0.05334912706322616,-0.026015807
zhengmix8eq,lle,5,0,7665.457472701503,7.7270285564228995,0.07370722187708914,0.43092984
zhengmix8eq,lle,50,0,51.03068117056477,5.760219441804573,0.21088918266336348,0.014938105
zhengmix8eq,lle,5,1,1078.9075643363371,5.678021099166129,0.11224519961578136,0.2170916
zhengmix8eq,lle,10,1,227.52024228255033,4.777511342526505,0.19602436024639316,0.15211752
zhengmix8eq,lle,25,1,82.89540452075234,6.010584895030237,0.2040744828390848,0.049378358
zhengmix8eq,lle,50,1,39.489046248070956,7.654993748352656,0.13715233052061646,-0.032119107
zhengmix8eq,lle,100,1,17.084707436148044,11.331205029830041,0.09895198908644431,-0.072304174
zhengmix8eq,lle,250,1,6.963664902362797,15.745984481825746,0.08059873678475057,-0.12037049
zhengmix8eq,lle,500,1,3.7476909500953375,23.221616687721067,0.03766774645854236,-0.13131796
zhengmix8eq,lle,1000,1,2.3277773113694806,24.600939035613923,0.06894996983369488,-0.017221278
zhengmix8eq,lle,2500,1,1.1429522655016746,37.45593673280318,0.04032025806977544,-0.03619493
zhengmix8eq,mds,10,0,434.24860293227533,4.250330110677114,0.1908783589163101,0.10005747
zhengmix8eq,mds,25,0,335.0448273568034,4.896855950046979,0.17138504617238914,0.07823943
zhengmix8eq,mds,100,0,288.8796504447928,5.198117430403609,0.1618048734136481,0.063733146
zhengmix8eq,mds,250,0,280.1855702081891,5.327255101021489,0.15764172973575769,0.060798265
zhengmix8eq,mds,500,0,277.31498355686995,5.371439886372239,0.15669681912432065,0.059598275
zhengmix8eq,mds,1000,0,276.05016236538484,5.410219663707256,0.1551866307667244,0.05913597
zhengmix8eq,mds,2500,0,275.22114785838653,5.400053104126037,0.15616027476912558,0.058798272
zhengmix8eq,mds,5000,0,274.88794775254496,5.4234004903303035,0.15483981547139958,0.05864398
zhengmix8eq,mds,15000,0,274.72977142673057,5.413596306194227,0.1555343934320518,0.058580715
zhengmix8eq,mds,10000,0,274.79893845580233,5.411182655220116,0.15548048530427871,0.058629636
zhengmix8eq,mds,5,0,636.6650534981594,3.194003298197168,0.24861106045206874,0.13425446
zhengmix8eq,mds,50,0,304.37560842836706,5.00348727687359,0.16993780461268626,0.069049135
zhengmix8eq,mds,5,1,261.6727777947501,8.919789286249385,0.10984774241464049,0.04371096
zhengmix8eq,mds,10,1,171.49121733583425,10.565878128272866,0.10945066002379442,0.028260263
zhengmix8eq,mds,25,1,113.66896146604526,9.821927330494741,0.10979988986024065,0.0063495273
zhengmix8eq,mds,50,1,89.33914213418444,11.026003637018318,0.09589472674918192,-0.0060781566
zhengmix8eq,mds,100,1,76.20182174994522,11.773419616785748,0.0902072132989745,-0.0137116425
zhengmix8eq,mds,250,1,68.65388841278822,12.234712516477789,0.08425704093106648,-0.018332075
zhengmix8eq,mds,500,1,66.2582505927518,12.261018387490433,0.08474817930545331,-0.01975643
zhengmix8eq,mds,1000,1,64.7306840380759,12.637498503345203,0.08250224795260075,-0.020868575
zhengmix8eq,mds,2500,1,64.05061572037239,12.40584616367901,0.08454949801894779,-0.021269651
zhengmix8eq,mds,5000,1,63.89084306497461,12.491779700932415,0.08366098040229462,-0.021365369
zhengmix8eq,mds,10000,1,63.66662644377074,12.50135029896597,0.08407761652630083,-0.021538898
zhengmix8eq,mds,15000,1,63.6093787798,12.501733365510914,0.08410097157467547,-0.021563154
zhengmix4eq,umap,10,0,54596.9021477012,0.30722986480546527,3.2288191371705173,0.77499306
zhengmix4eq,umap,25,0,56052.19445890341,0.2998303621042836,3.28783980457563,0.7805228
zhengmix4eq,umap,100,0,53337.36799143363,0.30595161057249576,3.2267108984109867,0.7765991
zhengmix4eq,umap,250,0,56397.22938586731,0.30282325647768016,3.243883367778265,0.7775955
zhengmix4eq,umap,500,0,54611.55578678636,0.30676280047913385,3.320072164323023,0.77679765
zhengmix4eq,umap,1000,0,53110.7215178882,0.30651861603194797,3.2711884140460645,0.7755417
zhengmix4eq,umap,5,0,59702.8682498986,0.30220898068364305,3.1698044463582415,0.77790785
zhengmix4eq,umap,50,0,55109.98530994665,0.3058021412774846,3.283031508342562,0.77666587
zhengmix4eq,umap,2500,0,56656.51929915174,0.30468735243575124,3.228984894846332,0.7780729
zhengmix4eq,umap,5,1,52520.72219860731,1.273077516427109,0.7337573411921435,0.5021873
zhengmix4eq,umap,10,1,55952.310730964244,0.8759754509270221,1.1299890261803036,0.5561732
zhengmix4eq,umap,25,1,56461.385661271146,0.911369613330987,1.083985092095403,0.54976124
zhengmix4eq,umap,50,1,56574.09508084679,0.8672326838242996,1.1617782489273765,0.5578634
zhengmix4eq,umap,100,1,57412.566802869165,0.8820972378834866,1.1334995747435404,0.55517054
zhengmix4eq,umap,250,1,56480.458980550284,0.9038956583268993,1.0939703278574089,0.5519014
zhengmix4eq,umap,500,1,57429.49772546388,0.8692920426560963,1.1538106759932456,0.55752206
zhengmix4eq,umap,1000,1,57270.10783676689,0.8922693430239692,1.1072633674818382,0.55419284
zhengmix4eq,umap,2500,1,56684.18110397395,0.9235204275116553,1.062640825113074,0.55019623
zhengmix4eq,pca,10,0,2441.995759665884,1.0470761214341207,1.1431277204186807,0.36668822
zhengmix4eq,pca,25,0,1592.7466477899982,1.3403463895107643,0.9156561727671718,0.2730301
zhengmix4eq,pca,100,0,924.9818382392394,1.8229982949440946,0.6956663743705181,0.1729622
zhengmix4eq,pca,250,0,764.4863059723181,1.993382394098718,0.613147798551018,0.14318897
zhengmix4eq,pca,500,0,695.7451864305687,2.082385176924397,0.5773164718913074,0.12973695
zhengmix4eq,pca,1000,0,640.5596882451532,2.1741896432803305,0.5523963546553877,0.11860683
zhengmix4eq,pca,2500,0,592.3443383952101,2.2802223734816542,0.5368724654499554,0.10905117
zhengmix4eq,pca,5,0,3515.8572967062732,0.8691588826296678,1.519323461133542,0.44575527
zhengmix4eq,pca,50,0,1191.9150463914698,1.5867717598351774,0.793709973940868,0.21578631
zhengmix4eq,pca,5,1,6829.697871601601,0.6103465477550785,1.7564554931050014,0.5803055
zhengmix4eq,pca,10,1,4370.2079388068605,0.8279351981612588,1.4031570323965643,0.48159215
zhengmix4eq,pca,25,1,2576.5630316290744,1.11274180857697,1.0193948611169388,0.360324
zhengmix4eq,pca,50,1,1603.491614185878,1.429665132580432,0.7919346321604104,0.26549393
zhengmix4eq,pca,100,1,969.6047261131871,1.8508371012822522,0.6142527042278859,0.17942992
zhengmix4eq,pca,250,1,514.5167899899975,2.564217895983359,0.45153553205109676,0.09411113
zhengmix4eq,pca,500,1,344.8665867234582,3.1712038910744274,0.37691415851056304,0.052898813
zhengmix4eq,pca,1000,1,247.403826930561,3.7934539938695533,0.32799147513470606,0.026614012
zhengmix4eq,pca,2500,1,184.83804402742044,4.447892979497031,0.29392275665855105,0.013579864
zhengmix4eq,isomap,10,0,7075.915791929769,0.7447179921970846,1.4109238089262224,0.5129661
zhengmix4eq,isomap,25,0,4892.161935308046,0.9278546128714285,1.1379813485040011,0.43047965
zhengmix4eq,isomap,100,0,3034.0576501378564,1.2117835020114298,0.8751243327096148,0.32804224
zhengmix4eq,isomap,250,0,2340.27103470762,1.3891994687191127,0.763269468959339,0.27845505
zhengmix4eq,isomap,500,0,1991.5322194108069,1.5103479254624304,0.6977314890735132,0.24834383
zhengmix4eq,isomap,1000,0,1750.8825624017531,1.638981723350255,0.6604658442856175,0.22380592
zhengmix4eq,isomap,5,0,10456.874065013037,0.5874213779690923,1.8332201341519618,0.59196377
zhengmix4eq,isomap,50,0,3811.89136885337,1.0673014832013386,0.9895047341865404,0.37497392
zhengmix4eq,isomap,5,1,10518.353449904971,0.7416924786937911,0.6790647080770689,0.5236542
zhengmix4eq,isomap,10,1,8388.831776795465,0.8944751111841385,0.6420299126902521,0.47992936
zhengmix4eq,isomap,25,1,6679.540054510833,1.0642337367895687,0.5786182046780517,0.42785418
zhengmix4eq,isomap,50,1,5698.199093423452,1.2269455843357318,0.5314114583786137,0.38921434
zhengmix4eq,isomap,100,1,4825.916930855067,1.4000799280786036,0.47927625896218673,0.35378125
zhengmix4eq,isomap,250,1,3936.2491402583764,1.6057537922595182,0.42817165571100896,0.31839877
zhengmix4eq,isomap,500,1,3399.440945466727,1.680759097702751,0.36081246810089274,0.29435188
zhengmix4eq,isomap,1000,1,2756.697476069992,1.8110611193135076,0.2743662797335115,0.2606381
zhengmix4eq,isomap,2500,1,1950.345302529417,2.711295453567041,0.24995391130600905,0.23699057
zhengmix4eq,lle,10,0,357.78955311189276,2.5434697037987455,0.4369016382987032,0.2035688
zhengmix4eq,lle,25,0,126.29826502171589,4.492359463680852,0.4230111208345175,0.06656556
zhengmix4eq,lle,100,0,29.24179063904724,10.204047613220874,0.16293791639542837,0.011440789
zhengmix4eq,lle,250,0,13.771688567812028,12.003880612179875,0.15394569051859877,-0.013852907
zhengmix4eq,lle,500,0,6.365457918733899,20.198935211537105,0.08320739292981445,-0.01993431
zhengmix4eq,lle,1000,0,3.0036414526030035,28.99458207849672,0.062358587028863356,-0.017743936
zhengmix4eq,lle,2500,0,1.1901960482486762,49.053237378740704,0.03983892738831542,-0.0069918595
zhengmix4eq,lle,5,0,3122.904775976465,0.5543418790235796,1.8578517420595408,0.8071339
zhengmix4eq,lle,50,0,61.0669431076803,6.861304922948328,0.23422297711255316,0.032786828
zhengmix4eq,lle,5,1,1872.9889907843103,0.8903842198512533,1.2499910822830584,0.51230466
zhengmix4eq,lle,10,1,335.96150942598194,2.2163577166241746,0.6369015416677712,0.13853832
zhengmix4eq,lle,25,1,100.760449578483,4.963520483239883,0.3765557157663818,0.046949577
zhengmix4eq,lle,50,1,46.68852820199637,7.740877301860795,0.21396394234145216,-0.01014914
zhengmix4eq,lle,100,1,28.49514149575116,8.176867562704828,0.18348094203435744,-0.03221054
zhengmix4eq,lle,250,1,10.900046726496978,12.234439672709579,0.13048758274795566,-0.059880562
zhengmix4eq,lle,500,1,5.576854227569091,19.505003446487063,0.07809133811057238,-0.07534657
zhengmix4eq,lle,1000,1,2.8713870381914712,28.134603408703555,0.062136917115369734,-0.032812774
zhengmix4eq,lle,2500,1,1.303797965561912,41.1748698331294,0.04470027219511474,-0.018624827
zhengmix4eq,spectral,10,0,428.79004593544187,2.0722193526998463,0.8180668339550736,0.21395528
zhengmix4eq,spectral,25,0,139.27030054331937,3.609475770619846,0.5296634317437486,0.065926395
zhengmix4eq,spectral,100,0,31.39678234443383,7.681078735930694,0.2517684357963357,0.0056016254
zhengmix4eq,spectral,250,0,12.175885010611065,12.201399081020577,0.15935521737097755,-0.009430132
zhengmix4eq,spectral,500,0,6.008834354601848,17.355417033194932,0.1092980873263269,-0.008747271
zhengmix4eq,spectral,1000,0,3.0958564469418604,24.582100545881982,0.07665984133536762,-0.009173966
zhengmix4eq,spectral,2500,0,1.3859777502900446,37.488082335834626,0.05104419475346429,-0.015584933
zhengmix4eq,spectral,5,0,1379.1425714561701,1.1437094413631594,1.340492057198946,0.4662172
zhengmix4eq,spectral,50,0,65.08739894662794,5.325338088193117,0.3687017340437649,0.03242258
zhengmix4eq,spectral,5,1,1141.7384205146404,1.2304057767822738,1.244438335966007,0.38940296
zhengmix4eq,spectral,10,1,392.0062345913162,2.141645582249034,0.7870680512580026,0.14390226
zhengmix4eq,spectral,25,1,131.27512969585814,3.754457007881519,0.48303567794891583,0.06865243
zhengmix4eq,spectral,50,1,61.49893869262225,5.659369544101462,0.32915452231217757,0.010483392
zhengmix4eq,spectral,100,1,29.406083684164592,8.03690337845029,0.23467390360472065,-0.0076270862
zhengmix4eq,spectral,250,1,11.328373848763842,12.762658462416784,0.14406023118616906,-0.012509365
zhengmix4eq,spectral,500,1,5.565668311477519,18.342138265237324,0.09831302059373115,-0.021763679
zhengmix4eq,spectral,1000,1,2.7541631322132103,26.567528193069922,0.06819462560325837,-0.033683244
zhengmix4eq,spectral,2500,1,1.0447688594320954,43.70007683414496,0.0404568516422758,-0.039852295
zhengmix4eq,fa,10,0,449.8670914985926,1.026211898702714,1.1725508756108864,0.447268
zhengmix4eq,fa,25,0,159.2098571989282,2.2146470633640187,0.5591557330313248,0.16197853
zhengmix4eq,fa,100,0,38.48428216957457,5.898799978866441,0.2115352187536496,-0.07661122
zhengmix4eq,fa,250,0,15.430974977080565,10.214964315353242,0.12202928478402124,-0.11649629
zhengmix4eq,fa,500,0,7.731080009597841,15.57952542126125,0.07933736678485753,-0.12509716
zhengmix4eq,fa,1000,0,3.868379541612095,23.992596219021095,0.05083890865313774,-0.11842606
zhengmix4eq,fa,5000,0,1.0000000004897318,44.67939040862187,0.04475492953358875,1.6884576e-09
zhengmix4eq,fa,2500,0,1.585426410234469,37.43771563592486,0.04348978001143324,-0.0779461
zhengmix4eq,fa,15000,0,1.0000007907761916,44.679359967607915,0.04475496631597292,5.471456e-09
zhengmix4eq,fa,5,0,1272.1805049740492,0.5372439310811282,2.6271570527442183,0.64174086
zhengmix4eq,fa,50,0,77.95842023887317,3.9718702695587584,0.31232495281526196,-0.012671687
zhengmix4eq,fa,10000,0,0.99999996486418,44.67939291835535,0.04475492952625302,1.2823723e-09
zhengmix4eq,fa,5,1,1194.6740683316575,0.5771106152461138,2.1827316671479764,0.60978067
zhengmix4eq,fa,10,1,454.30111529112133,0.8492731048012314,1.448830116124458,0.52952313
zhengmix4eq,fa,25,1,163.67414047111444,2.261859227365097,0.602942387956721,0.11928948
zhengmix4eq,fa,50,1,80.54127829915112,4.0228088508245605,0.3481876947123889,-0.033091072
zhengmix4eq,fa,100,1,40.26618054409857,6.094955192512705,0.23744170859603658,-0.080431715
zhengmix4eq,fa,250,1,15.915603649489725,10.175982080592965,0.14173013216188984,-0.1090823
zhengmix4eq,fa,500,1,7.952587013312031,15.179837628852507,0.09546859771617754,-0.11372983
zhengmix4eq,fa,1000,1,3.973812597459113,23.092004199954165,0.061627792786242745,-0.10720496
zhengmix4eq,fa,5000,1,0.9999999290993429,44.6793930840272,0.04475493325099641,3.6333894e-10
zhengmix4eq,fa,10000,1,1.0000006659773215,44.67937515203646,0.04475494689492772,-3.8257446e-09
zhengmix4eq,fa,2500,1,1.5861778950051517,37.47893945132543,0.04339409936661365,-0.07610895
zhengmix4eq,fa,15000,1,1.0000008811029886,44.679375250464254,0.044754946465047844,5.1294896e-10
zhengmix4eq,fica,10,0,446.37994803886767,2.1236982261493984,0.701100800611494,0.14277525
zhengmix4eq,fica,25,0,155.878308835765,3.6433090944063613,0.43847380314113216,0.0273288
zhengmix4eq,fica,100,0,36.94328687496535,7.585456004090982,0.21768653651251077,-0.024487583
zhengmix4eq,fica,250,0,14.883887748882513,12.389753263377216,0.12666423660130405,-0.05424206
zhengmix4eq,fica,500,0,7.529887915435467,17.600762269537263,0.08893503108828979,-0.068296745
zhengmix4eq,fica,1000,0,3.819847902270432,24.61883628962399,0.06587530713495451,-0.07229642
zhengmix4eq,fica,2500,0,1.5680452314461095,37.12427851091305,0.04919487673670411,-0.046674773
zhengmix4eq,fica,5,0,1207.0963183346987,1.1988214822375396,1.284094191535698,0.33431983
zhengmix4eq,fica,50,0,75.0102101185649,5.27175125035747,0.31285853597751384,-0.0049984874
zhengmix4eq,fica,15000,0,1.2326695694234249,43.194462031699295,0.045033179307870715,3.0132662e-05
zhengmix4eq,fica,10000,0,1.232669795687339,43.19446304597796,0.045033176986346395,3.0128529e-05
zhengmix4eq,fica,5,1,1474.1378376776156,1.0947699521116778,1.3787455280985235,0.39649463
zhengmix4eq,fica,10,1,496.8278228127065,2.0384636782420267,0.802466073932234,0.16276374
zhengmix4eq,fica,25,1,164.00538191052195,3.6891251491544024,0.4325095581982796,0.01729997
zhengmix4eq,fica,50,1,77.57072308548143,5.392950958283856,0.29551654512343656,-0.02448634
zhengmix4eq,fica,100,1,37.91927030056731,7.729479118609303,0.20736772778918056,-0.0449164
zhengmix4eq,fica,250,1,15.06121156529582,12.271281478952353,0.133086155107141,-0.05641479
zhengmix4eq,fica,500,1,7.577408423402747,17.24472037240691,0.0976367475785488,-0.058490116
zhengmix4eq,fica,1000,1,3.832827419797572,23.997031268230728,0.07333340609277582,-0.05496985
zhengmix4eq,fica,2500,1,1.5684763676960476,36.62492142854824,0.05155900012836264,-0.034163926
zhengmix4eq,fica,5000,0,1.5386899417877469,41.62755556771431,0.04543718485769539,7.050007e-05
zhengmix4eq,fica,5000,1,1.0059513362542811,44.61972775558525,0.04478827388983654,-3.956622e-06
zhengmix4eq,fica,10000,1,1.0020986280005642,44.65771427444451,0.04477031208279034,-3.6039671e-06
zhengmix4eq,fica,15000,1,1.00550158234853,44.62522474801551,0.04478878884393962,-4.0511472e-06
zhengmix4eq,mds,10,0,867.9270927026603,1.7463412762767248,0.7109980979549564,0.17598411
zhengmix4eq,mds,25,0,686.3743093794271,2.043119938763342,0.6083700966068567,0.13509165
zhengmix4eq,mds,100,0,604.8828917763961,2.246618959389429,0.5504836893488437,0.11291529
zhengmix4eq,mds,250,0,590.3547843218051,2.289563542494856,0.5394180645847223,0.10869162
zhengmix4eq,mds,500,0,585.3238941149388,2.3073307969604633,0.5349080133018003,0.10703008
zhengmix4eq,mds,1000,0,582.9619335667044,2.3146869103596823,0.5330719149349558,0.106354184
zhengmix4eq,mds,2500,0,581.5624288372654,2.319120185480637,0.5319563250058582,0.1059611
zhengmix4eq,mds,5000,0,581.1617546063252,2.3204935188418596,0.5316127264407069,0.10581484
zhengmix4eq,mds,5,0,1227.6585138380342,1.403663586109296,0.8736216531580114,0.23345098
zhengmix4eq,mds,50,0,631.027345951785,2.1764898759528903,0.5690743613045038,0.120122656
zhengmix4eq,mds,10000,0,580.9257104662096,2.321030630923086,0.5314855257870862,0.10577683
zhengmix4eq,mds,15000,0,580.8716675964074,2.3212151190050863,0.5314340275488167,0.10575739
zhengmix4eq,mds,5,1,670.7016522075596,2.443518994713921,0.5498074682281923,0.124625735
zhengmix4eq,mds,10,1,438.91398135221647,2.9660583976326063,0.4521151462439072,0.085797995
zhengmix4eq,mds,25,1,279.3693625624554,3.6519358863812164,0.36125260695461087,0.048951045
zhengmix4eq,mds,50,1,222.78099203000644,4.17296183610026,0.31233101198908775,0.031203292
zhengmix4eq,mds,100,1,195.76375276385016,4.490586832113577,0.2894574484900066,0.02173154
zhengmix4eq,mds,250,1,178.53113839953423,4.821541748415967,0.26668536955074595,0.015361005
zhengmix4eq,mds,500,1,173.02101502695447,4.948806636912483,0.2588312813911057,0.013168289
zhengmix4eq,mds,1000,1,170.61427615988887,4.983949727896963,0.25711434437504815,0.01230398
zhengmix4eq,mds,2500,1,168.87868865937529,5.037708306984604,0.25373333531886744,0.011607113
zhengmix4eq,mds,5000,1,168.4456527053912,5.04359116433705,0.2534620842730967,0.01145387
zhengmix4eq,mds,10000,1,168.13342920072063,5.056391069285676,0.2526506280125298,0.011317335
zhengmix4eq,mds,15000,1,167.98448544834363,5.065644781213881,0.25202587135632715,0.011249291
simk4hard,spectral,5,0,58.67201199093345,2.845516973426573,0.5470489998249588,0.104814075
simk4hard,spectral,10,0,43.73329890084757,2.403301323164085,0.7710956289674966,0.13226114
simk4hard,spectral,25,0,17.341568174893688,3.842289657283839,0.47744442664899567,0.0535639
simk4hard,spectral,50,0,8.386572485517018,5.527770379603138,0.3146612869092428,0.019485913
simk4hard,spectral,100,0,4.232167075947244,7.770526795821205,0.21875099278662502,0.0013762958
simk4hard,spectral,250,0,1.8437053220384676,11.889303465662428,0.1483331643599866,-0.0076826904
simk4hard,spectral,5,1,149.58054075032146,1.1577753612684303,1.2820912991769147,0.3692718
simk4hard,spectral,10,1,49.66446607415114,2.104242719583123,0.7687144343901845,0.15528265
simk4hard,spectral,25,1,16.55815382879168,3.7482997723584512,0.4638404896415265,0.050100025
simk4hard,spectral,50,1,7.832998328548221,5.567424160112183,0.3123594586089396,0.013404101
simk4hard,spectral,100,1,3.5951223151665865,8.175776597530938,0.20865195106798246,-0.002431406
simk4hard,spectral,250,1,1.2176382821417113,14.431217113304815,0.12642312727933835,-0.0071350597
simk4hard,fica,5,0,44.53849520309301,4.898655342049791,0.2921162153268598,0.057416644
simk4hard,fica,10,0,34.76433542361395,3.2608649430981558,0.5006603644789384,0.06808192
simk4hard,fica,25,0,18.246678881840136,3.751806170613321,0.5049748099108057,0.055494785
simk4hard,fica,50,0,9.030607382168327,5.386950539589046,0.3478472735853912,0.023842882
simk4hard,fica,100,0,4.608917095022268,7.57261175410318,0.24536303038709792,0.00733966
simk4hard,fica,250,0,1.9229215063285945,11.758253384206526,0.15833308272951285,0.0018497369
simk4hard,fica,500,0,1.1213878570032956,15.223179396108929,0.12363417382810853,-0.0001548055
simk4hard,fica,1000,0,1.1213878960724886,15.223178897322066,0.12363418310203093,-0.00015482375
simk4hard,fica,2500,0,1.1213879106878706,15.223178725384727,0.12363418876679,-0.00015479911
simk4hard,fica,5000,0,1.121387867589356,15.223178949180362,0.1236341813926843,-0.0001547986
simk4hard,fica,10000,0,1.1213879305513001,15.223179036511386,0.12363418110072305,-0.00015481109
simk4hard,fica,15000,0,1.1213878453374544,15.223179036654258,0.12363418109853705,-0.00015480907
simk4hard,fica,5,1,226.66199003203792,0.7932114599974802,2.0504608622664393,0.5240323
simk4hard,fica,10,1,67.27414299591533,1.5224150757272177,1.134631251431628,0.28704247
simk4hard,fica,25,1,21.695263337693394,2.844307209049911,0.6302831156852877,0.10528804
simk4hard,fica,50,1,10.213870377907421,4.358175105109781,0.4196569774020637,0.026021563
simk4hard,fica,100,1,4.97953912233096,6.621605595252424,0.27654947627305115,-0.0076111946
simk4hard,fica,250,1,1.9767234712829187,11.237624946627776,0.1641740656304803,-0.00893783
simk4hard,fica,500,1,1.0002822102914488,16.364672090420818,0.11381702391099252,-1.663074e-06
simk4hard,fica,1000,1,1.0002823318696479,16.364672414550782,0.11381702418367794,-1.616451e-06
simk4hard,fica,2500,1,1.000282245314395,16.364672173843942,0.11381702314921512,-1.6522631e-06
simk4hard,fica,5000,1,1.000282290896034,16.36467248110953,0.11381702361285907,-1.6622296e-06
simk4hard,fica,10000,1,1.0000508036494227,16.366368975661242,0.11381356336901295,-2.0920565e-06
simk4hard,fica,15000,1,1.000050886008699,16.366368730556605,0.11381356352882746,-2.0555694e-06
simk4hard,isomap,5,0,111.76874317645633,2.70648481360981,0.5287532427624507,0.12856248
simk4hard,isomap,10,0,69.44104041768716,2.790987989940975,0.558046916525713,0.11484646
simk4hard,isomap,25,0,40.79831632208703,3.4185722104013783,0.4658321765610543,0.07954096
simk4hard,isomap,50,0,30.374900602723308,3.9213577936843835,0.4151109956794416,0.06295118
simk4hard,isomap,100,0,23.89596742773818,4.40184185793868,0.3711081487080977,0.050133064
simk4hard,isomap,5,1,66.56030842048592,1.8041591449815293,0.7500691040343881,0.29023468
simk4hard,isomap,10,1,40.33275893302639,2.4620910090293933,0.5391350156617896,0.20660737
simk4hard,isomap,25,1,27.981850097396283,2.831421197666711,0.5125919428279169,0.11889786
simk4hard,isomap,50,1,19.898195857468913,3.302141552703846,0.4381448273271742,0.09070747
simk4hard,isomap,100,1,12.800999596764807,4.007163498162784,0.3404220014093037,0.030519841
simk4hard,isomap,250,1,6.407342403668329,6.417544655563498,0.22001741816125353,0.0038699259
simk4hard,pca,5,0,47.91874464379402,4.568644748638679,0.31489447441300034,0.05384286
simk4hard,pca,10,0,41.024435352354445,3.288389258925953,0.5002720750070389,0.067801185
simk4hard,pca,25,0,29.329881177804964,3.2107540931252094,0.56560683673777,0.07400552
simk4hard,pca,50,0,21.957053935953233,3.7233280405598173,0.4813478034692975,0.05412927
simk4hard,pca,100,0,17.885112967757685,4.134171769392319,0.43285122034569895,0.04346588
simk4hard,pca,250,0,15.83874060017969,4.398848716402977,0.4074335268841565,0.03831229
simk4hard,pca,5,1,453.3683565581333,0.6463179809611933,2.557650869870142,0.59160215
simk4hard,pca,10,1,152.22152160405852,1.1593588887418655,1.4296420193171315,0.36032483
simk4hard,pca,25,1,51.73070861093812,2.047165468015262,0.8328938376952789,0.16019979
simk4hard,pca,50,1,25.49743770226457,3.1417317015726067,0.5618204689072063,0.067650326
simk4hard,pca,100,1,12.836323092241669,4.497249018576526,0.39484150156179393,0.024769174
simk4hard,pca,250,1,5.424599949921245,7.122622021478539,0.2530767676809966,0.004699753
simk4hard,lle,5,0,65.90949468841862,2.8347638824647756,0.4673150982397634,0.09343955
simk4hard,lle,10,0,34.40390203743664,2.73729131913778,0.6292082775452312,0.08138312
simk4hard,lle,25,0,14.104071977486226,4.301256162880135,0.41737109531921823,0.026835201
simk4hard,lle,50,0,7.374166501916305,5.953118938327077,0.30262457602707216,0.010766273
simk4hard,lle,100,0,3.913096792940517,8.172032502808928,0.22641233679491293,0.0026644527
simk4hard,lle,250,0,1.824959705703686,11.981892259536085,0.1563649474969229,0.0009360294
simk4hard,lle,5,1,101.51400352301138,1.6793154599701663,0.8578318328267379,0.36199147
simk4hard,lle,10,1,39.5307965017095,2.649023249473873,0.46947680602413305,0.19430472
simk4hard,lle,25,1,14.403266014060696,4.0174813218388,0.3787962168829087,0.046022005
simk4hard,lle,50,1,7.06884380682207,5.794282996166405,0.28330882203966845,0.026589006
simk4hard,lle,100,1,3.59291987784864,8.09479590802854,0.21128677955214029,-0.013643408
simk4hard,lle,250,1,1.610117107945243,12.125195157700281,0.14907485104348997,-0.026147671
simk4hard,mds,5,0,38.63488826180342,4.236477901262136,0.36450151515900897,0.0678202
simk4hard,mds,10,0,30.052565262222,3.5640379343974065,0.48764434173950805,0.06004274
simk4hard,mds,25,0,21.484924143950206,3.8223827740342475,0.47781070841921386,0.04962752
simk4hard,mds,50,0,18.227591899639773,4.063896487084017,0.44736450726592175,0.044029366
simk4hard,mds,100,0,16.269432145751555,4.347408491036838,0.41571430134779747,0.03892964
simk4hard,mds,250,0,15.218267301505739,4.523390005598668,0.39800836366787173,0.0360642
simk4hard,mds,500,0,14.918997488851987,4.579964796185474,0.39311195996217707,0.035157982
simk4hard,mds,1000,0,14.826706726548789,4.597179205664792,0.3912716617173241,0.034880966
simk4hard,mds,2500,0,14.753652362784795,4.612236385534018,0.3899257593470648,0.034660876
simk4hard,mds,5000,0,14.733002217396326,4.6172387060564715,0.38959583050265156,0.034593984
simk4hard,mds,10000,0,14.730829619814061,4.616910321201638,0.38961290909726043,0.03458616
simk4hard,mds,15000,0,14.725513323881138,4.617949223161989,0.38947374548620595,0.0345715
simk4hard,mds,5,1,4.918437691903812,9.95784424469227,0.1818353990725393,-0.021128725
simk4hard,mds,10,1,4.3958357641402825,10.045810324983545,0.1816923633960736,-0.010146934
simk4hard,mds,25,1,3.8514392850262045,9.326648528921412,0.1923027228452816,-0.0032093816
simk4hard,mds,50,1,3.300526955395354,10.431511089205767,0.17934377297568965,-0.0006470677
simk4hard,mds,100,1,2.9091495019050457,10.24040794064012,0.17896226871292933,0.00045595094
simk4hard,mds,250,1,2.58029853479227,10.619339982214091,0.17212608316668784,0.00115929
simk4hard,mds,500,1,2.469141847178107,10.885331888578659,0.16708934004278203,0.0012163108
simk4hard,mds,1000,1,2.393201415275144,11.035130643713103,0.16514511278146643,0.0011308069
simk4hard,mds,2500,1,2.3719476689118015,11.158516880119445,0.16280071490991782,0.001073858
simk4hard,mds,5000,1,2.3681082068732264,11.086818092822101,0.16451120371293218,0.0011279519
simk4hard,mds,10000,1,2.3537708743313512,11.173278884768058,0.1630717470476181,0.0010358706
simk4hard,mds,15000,1,2.3544368133597935,11.160515283757443,0.1630892138294637,0.0010530158
simk4hard,fa,5,0,203.73208249104033,0.950634594325736,1.8246831545202713,0.43062484
simk4hard,fa,10,0,66.73493518765169,1.770832465702042,1.0217293399079588,0.21899037
simk4hard,fa,25,0,21.316294739825775,3.27556475781636,0.5687028733085469,0.07684448
simk4hard,fa,50,0,10.325765373269652,4.80100897027524,0.3807358388835424,0.027421882
simk4hard,fa,100,0,5.02775781367706,7.008571571567595,0.263127037403522,0.0016485507
simk4hard,fa,250,0,1.9705773118586374,11.518265705326938,0.15985921509022366,-0.008372548
simk4hard,fa,500,0,1.0000000458507312,16.366532428829693,0.11381417851064202,4.8397647e-10
simk4hard,fa,2500,0,1.0000000693745434,16.366532752704977,0.11381417799316884,-3.8718118e-09
simk4hard,fa,1000,0,1.0000000041408705,16.36653196923933,0.1138141917241425,1.2099413e-09
simk4hard,fa,5000,0,0.9999999478086226,16.366534195736552,0.1138141611675429,-1.0889468e-09
simk4hard,fa,10000,0,0.999999906567871,16.366533593673772,0.11381416597945253,-3.9928056e-09
simk4hard,fa,15000,0,0.9999999107647259,16.366532524458705,0.11381418770192345,0.0
simk4hard,fa,5,1,178.9019462548502,1.0388417737216962,1.6475209910318676,0.38767788
simk4hard,fa,10,1,61.842973135014816,1.86746516048211,0.9931805408447554,0.19339447
simk4hard,fa,25,1,21.213204336363074,3.317500925201853,0.5562711533230332,0.07322659
simk4hard,fa,50,1,10.11107792580666,4.861058117542859,0.37978452707700483,0.026990449
simk4hard,fa,100,1,5.004568422223525,7.056392636751691,0.26152019853686426,0.0022297741
simk4hard,fa,250,1,1.990544996286513,11.43649361324476,0.16149121276423944,-0.005438046
simk4hard,fa,500,1,0.9999999808796026,16.366534182901184,0.11381416533150003,-1.9359054e-09
simk4hard,fa,1000,1,0.9999999808796026,16.366534182901184,0.11381416533150003,-1.9359054e-09
simk4hard,fa,2500,1,0.9999999808796026,16.366534182901184,0.11381416533150003,-1.9359054e-09
simk4hard,fa,5000,1,0.9999999808796026,16.366534182901184,0.11381416533150003,-1.9359054e-09
simk4hard,fa,10000,1,0.9999999808796026,16.366534182901184,0.11381416533150003,-1.9359054e-09
simk4hard,fa,15000,1,0.9999999808796026,16.366534182901184,0.11381416533150003,-1.9359054e-09
simk4hard,umap,10,0,320.9252329808686,2.1315936525580956,0.7139862488265292,0.22712289
simk4hard,umap,5,0,324.61958577968545,2.185870991610688,0.7147269504380248,0.2295636
simk4hard,umap,25,0,328.580658031375,2.041882559755367,0.7380162338184124,0.23436037
simk4hard,umap,50,0,327.92148213753285,2.107262482113656,0.7197434270280636,0.22825487
simk4hard,umap,100,0,328.35019083608074,2.067897274761562,0.7332575577796042,0.23071465
simk4hard,umap,250,0,339.3523171046181,2.0552080688151517,0.7288313212370872,0.23130548
simk4hard,umap,5,1,81.98455324648741,4.706136666544515,0.25502446158424547,0.11670289
simk4hard,umap,10,1,89.24882686360928,3.0574245712947707,0.4751173033755689,0.14368045
simk4hard,umap,25,1,89.50646138679906,2.9652894596550348,0.48812952635482515,0.14653337
simk4hard,umap,50,1,90.89138764175706,3.017783028748035,0.4693023366581147,0.14913078
simk4hard,umap,100,1,91.38446383285103,3.041099896592205,0.4686703357858001,0.14707181
simk4hard,umap,250,1,85.75261093604277,3.176029881562296,0.4490345336495693,0.14106695
koh,full,48981,0,68.51374623102149,3.113119311485014,0.22022620276924465,-0.021390457
kumar,full,45159,0,368.6173473165095,0.6684652219490702,1.5255749341254359,0.5207185
simk4easy,full,43606,0,63.28264860761139,2.451554270406839,0.6959887688775869,0.13419087
simk8hard,full,43601,0,11.282567579404223,4.024974203945524,0.34314498072967314,0.03377655
zhengmix8eq,full,15716,0,279.29479574796204,4.800056930323172,0.18131422639980077,0.0629806
zhengmix4eq,full,15568,0,582.7548703857145,2.3074539129680685,0.5351661661324504,0.10744402
simk4hard,full,43638,0,15.620469765577623,4.429665424816189,0.4047364654323939,0.037798055
koh,full,48981,1,9.786083335756544,4.912481433014191,0.31328374212797505,0.012335587
kumar,full,45159,1,33.611458080232815,2.9146487883095458,0.481719155566722,0.08469051
simk4easy,full,43606,1,9.395845384468208,5.8355322590178496,0.2984105679824773,0.019783072
simk8hard,full,43601,1,1.9829859449656928,7.811924567154875,0.21791221395012525,0.0028475702
zhengmix8eq,full,15716,1,71.0010131449307,8.748406637588769,0.12191323641133416,-0.014746755
zhengmix4eq,full,15568,1,173.51660983208734,4.613138536563927,0.2884636541899226,0.014210465
simk4hard,full,43638,1,2.981305956050693,9.86990543015358,0.1852276614560407,0.0032078978
