dataset,method,dimensions,log,variance-ratio-criterion,davies-bouldin,dunn-index,silhouette-score
koh,sdae,10000,1,15.505069771187998,4.45478897002738,0.3564721773015961,0.034340255
koh,sdae,1000,1,103.08863685982797,4.229416190040762,0.317302868936233,0.011214872
koh,sdae,100,1,116.81154982274987,5.128423911536769,0.19039989027809173,-0.034434926
koh,sdae,250,1,86.74851426431626,4.921214303133481,0.23511249311016377,-0.016013714
koh,sdae,10,1,218.31614857447394,6.518956463437767,0.05926218460241328,-0.08970082
koh,sdae,5,1,221.30158095243056,5.698980920155651,0.09411029587059244,-0.102145046
koh,sdae,25,1,144.22978365481757,6.091040998861273,0.10632747117468458,-0.07516178
koh,sdae,50,1,156.1200308245254,5.338153364168469,0.1177896047651657,-0.07083734
koh,sdae,500,1,93.11746222458979,4.590418380588513,0.25390088900813756,0.0059465687
koh,sdae,2500,1,75.91782297003671,4.135338497553077,0.2822325556777433,0.023631414
koh,sdae,5000,1,68.16939077476803,3.9075420454858514,0.3286076474289236,0.03509912
kumar,sdae,1000,1,4733.930193401675,0.39960936357673127,3.632539189158482,0.6703159
kumar,sdae,100,1,4095.9993933064534,0.5736998598864641,2.0028091303493407,0.5661636
kumar,sdae,250,1,3217.580606443369,0.6520117831642273,1.8948564462494433,0.53472316
kumar,sdae,10,1,9549.153498882295,0.20056162811491615,5.442809068622951,0.83190686
kumar,sdae,5,1,6162.122203679763,0.2814863298707207,3.5263872773406337,0.7686114
kumar,sdae,25,1,3419.1855279956794,0.6422951979243292,2.002077024078884,0.5650578
kumar,sdae,50,1,3785.0175456400384,0.45538733650972735,3.226310833376351,0.6449976
kumar,sdae,500,1,3150.1584308370257,0.5869739950698291,2.189416067339167,0.57812166
kumar,sdae,2500,1,2021.9444729204188,0.7186972745069827,1.535029870684641,0.5258499
kumar,sdae,5000,1,2324.9001178285503,0.7596880089560106,1.3673786780747972,0.5040449
simk4easy,sdae,1000,1,75.79059840425506,5.130492139636669,0.26360874369225396,0.03478752
simk4easy,sdae,100,1,69.09815876388998,7.605300478935765,0.1418881018206071,0.05096056
simk4easy,sdae,250,1,53.525026481672334,5.12084800421867,0.2625578159448548,0.01914301
simk4easy,sdae,10,1,4.8550362238649845,21.092930116982664,0.050085744712082464,-0.059122913
simk4easy,sdae,5,1,46.82955346516727,17.221296030985798,0.00546440346101125,-0.18660943
simk4easy,sdae,25,1,21.436436332078237,6.462766901602587,0.20865656213933784,-0.03341685
simk4easy,sdae,50,1,51.486908944572434,6.556120645339716,0.19389987536599573,0.050422624
simk4easy,sdae,500,1,414.63623469528216,7.567653801645285,0.12865950001468723,0.24219157
simk4easy,sdae,2500,1,209.89498017670357,5.161271567048834,0.23243922898203964,0.15716806
simk4easy,sdae,5000,1,747.7454744352797,3.9888780143688742,0.23832669238910997,0.33556512
simk8hard,sdae,1000,1,1.3202211824988912,10.23173695224333,0.13650781187902317,-0.16185549
simk8hard,sdae,100,1,0.5371488988849217,4073.693465999354,9.537036485125204e-05,-0.32839435
simk8hard,sdae,250,1,0.9958181071929864,8.519181082074246,0.06651267823885264,-0.56284064
simk8hard,sdae,10,1,1.1828362223795892,19.329330365104344,0.05030392499312648,-0.12838386
simk8hard,sdae,5,1,1.215041310495665,21.359622464169753,0.05712784274007669,-0.13900821
simk8hard,sdae,25,1,1.829744262518565,9.933897847312444,0.174408422964967,-0.07790991
simk8hard,sdae,50,1,0.603178696661721,2.1619001479277684,0.0,-0.55310744
simk8hard,sdae,500,1,1.2104971933544093,12.361651109356185,0.12965975318548176,-0.05288123
simk8hard,sdae,2500,1,1.2768435248435903,9.90710545149274,0.11203780216688612,-0.09367431
simk8hard,sdae,5000,1,1.4035667024211378,12.643469508102111,0.10191311071577176,-0.07857698
zhengmix8eq,sdae,10000,1,80.95288940354345,8.805600173237533,0.1187536813026628,-0.004514283
zhengmix8eq,sdae,15000,1,75.54964234139975,8.77878364791078,0.12021451796657272,-0.009224912
zhengmix8eq,sdae,1000,1,2313.9226572469843,3.7560120240392116,0.24305688830474473,0.18483241
zhengmix8eq,sdae,2500,1,2250.8151212892863,3.7137630501051,0.26914625753005544,0.19724698
zhengmix8eq,sdae,100,1,4137.6422868758755,4.094987435487434,0.19563573443650553,0.078132614
zhengmix8eq,sdae,5,1,3563.536447287203,4.119660256883886,0.20861185359900455,0.09737939
zhengmix8eq,sdae,25,1,3749.8680501951253,3.612566920474982,0.2300260434058297,0.08559415
zhengmix8eq,sdae,50,1,3998.345999023243,4.152998088943917,0.16621060060867088,0.07397336
zhengmix8eq,sdae,250,1,3682.564533439829,4.048284112920565,0.17080029252335963,0.10910942
zhengmix8eq,sdae,5000,1,103.9878410689959,8.720930312347505,0.11841727846047134,0.0076323287
zhengmix4eq,sdae,10000,1,201.04068128296285,4.410750909691518,0.30103036437251585,0.02526278
zhengmix4eq,sdae,15000,1,186.60716057821992,4.506802379285786,0.29502657206884864,0.02000316
zhengmix4eq,sdae,1000,1,9787.025933799334,1.432678374246089,0.8180244745144597,0.3264572
zhengmix4eq,sdae,2500,1,7269.444498868901,1.407875075769991,0.8794680948295398,0.33358467
zhengmix4eq,sdae,100,1,19039.614258536392,1.2291243637819518,0.8994681410945493,0.3385913
zhengmix4eq,sdae,10,1,20543.841498875645,0.9549281800907976,1.1260395268345773,0.39955577
zhengmix4eq,sdae,5,1,24369.586129814164,0.9975147252195317,1.183819620939269,0.3850239
zhengmix4eq,sdae,25,1,20614.036774995853,1.2765477004252337,0.7038125100126923,0.35393918
zhengmix4eq,sdae,50,1,21503.988711372876,1.030904063507902,1.0013624169627258,0.3611036
zhengmix4eq,sdae,250,1,19862.987143829458,1.3835540501759076,0.7775355580424532,0.3337041
zhengmix4eq,sdae,500,1,18353.808675528813,1.5654812646991523,0.7216759226399742,0.33621234
zhengmix4eq,sdae,5000,1,263.09624921803163,3.9553445060346895,0.33682001432783343,0.04279109
simk4hard,sdae,1000,1,1.4127545175848164,13.939192117688961,0.12033220019715886,-0.021562438
simk4hard,sdae,100,1,2.1303884167170333,12.847350686391676,0.12395487899838727,-0.030882519
simk4hard,sdae,250,1,0.45608008319439447,185.66260928038008,0.004909929983831301,-0.07648339
simk4hard,sdae,10,1,1.1931403234454443,14.250678507694479,0.11559475455319372,-0.046236724
simk4hard,sdae,5,1,1.6015289378557067,16.131538088992805,0.08656547168697552,-0.035311684
simk4hard,sdae,25,1,1.0909677815071572,15.248667085326563,0.09786936615044309,-0.095062934
simk4hard,sdae,50,1,4.277758138842206,15.429999199955882,0.08715122157474206,-0.057700172
simk4hard,sdae,500,1,1.5625578353628244,14.59849778029915,0.11408006094920779,-0.02689038
simk4hard,sdae,2500,1,1.9868208019907063,13.183515275685494,0.10431852048561148,-0.08039181
simk4hard,sdae,5000,1,2.61626757431013,10.118219942672383,0.1671038613276716,-0.027804228
koh,pca,5,0,84.69663571210984,3.4658979352206947,0.12076704222637458,-0.057887938
koh,pca,10,0,82.79413033385381,2.775255781171894,0.22132381506027843,-0.02871631
koh,pca,25,0,79.57676628312954,2.708331011573017,0.23314259626563155,-0.010251794
koh,pca,100,0,73.59873392671578,2.8179673827937233,0.22787505413967163,-0.012110757
koh,pca,250,0,70.16461777135288,2.9815891778894597,0.220869953309816,-0.017809754
koh,pca,500,0,68.574666900017,3.109149624327509,0.22022347788416385,-0.020874
koh,pca,50,0,76.64083911122654,2.7399086575143543,0.23391284247848054,-0.0068398025
koh,pca,1,0,104.25689742949713,10.990688172202159,0.0148285408093249,-0.18289159
koh,pca,2,0,93.34080796527076,4.366071094197362,0.09458976650926869,-0.111682326
koh,pca,3,0,86.19415745261487,4.263119686966226,0.10045190833112078,-0.10404433
koh,pca,4,0,84.5291930422151,4.100066785204932,0.10082085828782102,-0.07518402
koh,pca,6,0,83.84785857986476,3.479207014376055,0.12007149223938687,-0.055370126
koh,pca,7,0,84.05412961165773,2.827732364118284,0.22047325184740452,-0.03453863
koh,pca,8,0,83.64987636976485,2.792323828420473,0.21943584139966596,-0.031345475
koh,pca,9,0,83.08009403576001,2.7937124606431953,0.2185808723405735,-0.03060503
koh,pca,12,0,82.11370167299114,2.770286056517842,0.22157113190797426,-0.025217166
koh,pca,14,0,81.64374093953819,2.751684936726685,0.2229351215745623,-0.019287439
koh,pca,16,0,81.19250139034584,2.7408076704041195,0.22365258064227914,-0.017552333
koh,pca,18,0,80.76474279607133,2.7367462448706408,0.2248910125563487,-0.017290996
koh,pca,20,0,80.37348449589206,2.730076994964259,0.22742893864696734,-0.014851083
koh,pca,30,0,78.84464087603419,2.708194341529618,0.23485347728659492,-0.009065407
koh,pca,35,0,78.20516724447467,2.7136534654890734,0.23494565038702964,-0.007400247
koh,pca,40,0,77.63690807154651,2.719409764612837,0.23518713911623473,-0.006328161
koh,pca,45,0,77.10267559090036,2.730207518524955,0.23461995638882485,-0.007153256
koh,pca,75,0,74.85760466526077,2.782238045306686,0.23058883796403892,-0.010036983
koh,umap,25,0,200.28940072555656,3.155812195713397,0.3217986299275363,0.025943136
koh,umap,10,0,188.53570442111328,3.2620776497792874,0.31939621101585497,0.025149297
koh,umap,100,0,186.5438810188195,3.2190255032308923,0.3583451741609585,0.018367074
koh,umap,250,0,205.49725080809344,3.230793512260705,0.3534265594279921,0.021439971
koh,umap,500,0,198.33566554752716,3.2918345081357887,0.3080211316463904,0.027121643
koh,umap,5,0,199.46958120133039,3.203203185039622,0.381935709362524,0.021388907
koh,umap,50,0,197.479938280412,3.2187756903628633,0.30659245020502485,0.032024853
koh,umap,1,0,210.54650989003676,8.129780046325347,0.13330400206458032,-0.096120335
koh,umap,2,0,203.19707891123105,3.428062877934853,0.31817528870617917,0.002395407
koh,umap,3,0,209.64182190223156,3.2229973370560123,0.3336212392389412,0.024338858
koh,umap,4,0,196.51903232575447,3.109939612661948,0.37198015295321674,0.024622388
koh,umap,6,0,204.0470240650439,3.216041159292251,0.33549603592006577,0.017532783
koh,umap,7,0,200.2891315852024,3.250173811547544,0.3516605138051555,0.021624038
koh,umap,8,0,200.65413293011855,3.191753774230991,0.3434193876686467,0.024720343
koh,umap,9,0,204.0174228029072,3.103095882612242,0.3317547585187601,0.029941913
koh,umap,12,0,211.5765864551316,3.233372601828241,0.33949069576895274,0.029955702
koh,umap,14,0,204.25937839896872,3.175889484421628,0.3560850942609933,0.024260188
koh,umap,16,0,198.85757475368953,3.2229107840950153,0.3457739398525824,0.01827915
koh,umap,18,0,217.25788949835314,3.200829584473004,0.37465519055901186,0.025421344
koh,umap,20,0,187.98174282088183,3.2341633336336377,0.32827326917518607,0.020034473
koh,umap,30,0,199.89376205027415,3.188101914464207,0.36870453915696577,0.028058976
koh,umap,35,0,219.8054036976274,3.1428275406397734,0.36182719780073586,0.028145982
koh,umap,40,0,199.46082223621124,3.1978328140320094,0.3185379551670406,0.026146285
koh,umap,45,0,195.85638764114125,3.1983505857195507,0.3312109116094152,0.028379064
koh,umap,75,0,200.50681066479373,3.2430226053438127,0.358585902776962,0.027229823
koh,fa,10,0,22.735659601680634,2.2332939201924176,0.23839625167189574,0.094993666
koh,fa,25,0,11.50936909726197,2.8283577113408285,0.15230758658852941,0.07810674
koh,fa,100,0,3.6592321767473845,6.4047042968594505,0.10092996883054771,-0.017854385
koh,fa,250,0,1.9186985821921365,8.518220741316517,0.15010309638318212,-0.1365915
koh,fa,1000,0,1.000000019618341,11.44844049892479,0.1599348370335347,-2.9760283e-08
koh,fa,500,0,1.0382268012677232,11.226444516432512,0.15937512748785346,-0.07853717
koh,fa,2500,0,1.0000000048521158,11.448440266791188,0.1599348402696557,-7.495181e-09
koh,fa,5000,0,1.000000011275729,11.44844057167696,0.1599348335335413,-2.7555819e-08
koh,fa,10000,0,0.9999999992142514,11.448440599093592,0.1599348374194889,-3.17443e-08
koh,fa,15000,0,0.9999999785856625,11.448440651012316,0.15993483560838295,-3.1523857e-08
koh,fa,5,0,25.905761819913828,4.078867488081972,0.04778505794283652,-0.016667744
koh,fa,50,0,6.7012915114303855,4.435562401299582,0.12217227125693399,0.023234272
koh,fa,1,0,169.27359495990794,6.616691213043399,0.06672337130099738,-0.1052061
koh,fa,2,0,40.21550815948221,23.858587165220754,0.008545267721244944,-0.12236509
koh,fa,3,0,50.78272386934034,6.186212051058998,0.04243955200490922,-0.015490243
koh,fa,4,0,35.20970252303854,3.598611920883834,0.07078284159265855,-0.00729382
koh,fa,6,0,29.18297812682564,2.443929444763099,0.27342670755805665,0.049677707
koh,fa,7,0,23.928597008100436,2.4613021086535363,0.2442957410586462,0.03492551
koh,fa,8,0,19.99412996138012,2.4959397558049456,0.22576486896871775,0.016415374
koh,fa,9,0,25.072931164456563,2.2602032700413557,0.20838054678564047,0.094361804
koh,fa,12,0,18.841010025541504,2.3559731127097536,0.24235071938585312,0.10737352
koh,fa,14,0,18.289708136808283,2.2043001766788337,0.197041714563993,0.074884474
koh,fa,16,0,15.567173406783459,2.4271334268881666,0.1511178681414626,0.053854365
koh,fa,18,0,15.16704557439655,2.493032915789731,0.18962508959434135,0.10427398
koh,fa,20,0,14.595554604033854,2.385421595839476,0.19189055224806525,0.08171311
koh,fa,30,0,9.452291453163031,3.372030540790222,0.12143609571006758,0.064705096
koh,fa,35,0,8.309296528276812,3.786662117089848,0.12579090066627394,0.0652872
koh,fa,40,0,8.636118703392148,3.728290674014215,0.14395044308223712,0.066052385
koh,fa,45,0,7.117657569798305,4.199956368147306,0.11925693820683966,0.024602247
koh,fa,75,0,4.367695227612119,5.719961365884698,0.0907137063528122,-0.026839973
koh,mctsne,5,0,137.0753960693628,3.715596470137763,0.26687840546036024,-0.021653928
koh,mctsne,10,0,135.02053259705283,3.6835450982077558,0.2576903208194342,-0.019412337
koh,mctsne,100,0,1.083176797799662,133.58484040198888,8.42773522367602e-09,-0.44879845
koh,mctsne,1000,0,53.976367644215024,30.22882653045961,0.01956151386052469,-0.2827631
koh,mctsne,2500,0,4.627477722575572,22.782872984499264,5.807764041112859e-07,-0.7063379
koh,mctsne,5000,0,55.015327468803015,38.540465701422775,0.012583707875834333,-0.2780817
koh,mctsne,50,0,0.8813370058828195,39.64461229128538,2.466956887218284e-07,-0.6940579
koh,mctsne,10000,0,57.42450776275813,35.3393357772431,0.014448107632329144,-0.27185053
koh,mctsne,1,0,146.6140458382196,19.338934851687025,0.042726544746938634,-0.09815906
koh,mctsne,2,0,142.99627486772232,4.999007650214896,0.13855999394036028,-0.037359048
koh,mctsne,3,0,135.32651374628006,3.785260321548286,0.239850566190778,-0.020192893
koh,mctsne,4,0,139.68983682062472,3.7420310819453158,0.26672570966086906,-0.0145625705
koh,mctsne,6,0,139.55720936040296,3.5667568627834956,0.26218470812392664,-0.01130743
koh,mctsne,7,0,139.7765528265976,3.710494469979824,0.2591749702500815,-0.016271792
koh,mctsne,8,0,138.0112692122172,3.714187604041661,0.26402613434506306,-0.017572122
koh,mctsne,9,0,143.93519114067848,3.584466845597918,0.2641171794997992,-0.013604949
koh,lda,5,0,586.830956442036,0.9565499524014393,1.0918219419796493,0.4320595
koh,lda,10,0,295.084195796456,0.8252587954164579,1.2948230487183785,0.55293274
koh,lda,25,0,84.48151798848866,1.4185242779814844,0.9014804068543375,0.38985935
koh,lda,50,0,32.07284843192815,2.2128462725935005,0.6357223737497452,0.20761725
koh,lda,100,0,16.373337554716393,3.487054832465505,0.3944335018405995,0.107716374
koh,lda,250,0,6.2589700989721,5.54246550744222,0.25984687475913,0.00021026094
koh,lda,500,0,4.6520321169446746,6.476909363613751,0.2214152475317821,-0.024750443
koh,lda,1000,0,3.248502203058117,7.164009369501047,0.2204346107681186,-0.027473444
koh,lda,2500,0,3.838675494923783,7.056703461077048,0.20236999179924503,-0.061552577
koh,lda,1,0,1.0,0.0,nan,0.0
koh,lda,2,0,419.86997275355156,5.508615429972513,0.09040338121416765,-0.08628562
koh,lda,3,0,611.5699394730713,1.4561196077299947,0.5670191597549178,0.20955026
koh,lda,4,0,589.5475344492226,1.2472218198296747,0.6571571220500205,0.31284183
koh,lda,6,0,265.04684756049096,1.047393103428125,0.39598713109968464,0.34555295
koh,lda,7,0,353.36991998195487,0.73102143251038,1.376419221817706,0.47919643
koh,lda,8,0,281.50330666055834,1.0073575424075714,0.9910761151335037,0.43500358
koh,lda,9,0,288.81805352786176,0.8848343054421509,0.8337210975836259,0.46546635
koh,lda,12,0,191.51680283823498,1.02394153721824,0.8778790402647824,0.41231433
koh,lda,16,0,149.42546733415728,1.1732675798559002,1.059224623480051,0.5197092
koh,lda,14,0,160.44467732949323,1.0720120266670077,0.6839006811655177,0.43687752
koh,lda,18,0,149.13273029735228,1.0898692646301031,1.2309394915535063,0.52125543
koh,lda,30,0,71.06407340947968,1.6814546792324616,0.751342273340245,0.37095496
koh,lda,20,0,107.15418096782945,1.2739174575291865,1.074581169483879,0.4076703
koh,lda,35,0,61.50819801096819,1.7823191515891577,0.7129132900281641,0.34343317
koh,lda,40,0,52.02429547724471,1.9636927611904476,0.6830083521560755,0.311802
koh,lda,45,0,49.83352159839047,2.0986436989991755,0.6346519257154173,0.2886698
koh,lda,75,0,22.8946877489764,2.7572348389690124,0.5361185011588064,0.16475627
kumar,pca,10,0,420.99268020063147,0.6277697833287395,1.7780786423475496,0.54851615
kumar,pca,25,0,393.033064095805,0.6448199402494725,1.6267998638626886,0.53580916
kumar,pca,100,0,370.6182224868753,0.6629323452896583,1.5257714866606082,0.52331775
kumar,pca,5,0,469.61676835315495,0.5911338544995218,1.9601217880550836,0.57167774
kumar,pca,50,0,377.84609689990924,0.6548616639800745,1.5516004731467121,0.528214
kumar,pca,1,0,1487.2612255987178,0.9417180933827577,1.287812734717718,0.40842474
kumar,pca,2,0,1023.0314311586446,0.4207829697949815,3.652890787447813,0.67787063
kumar,pca,3,0,576.7878517669678,0.5436475985301773,2.4366646759667616,0.6048968
kumar,pca,4,0,513.120794901552,0.5635134958624489,2.085154995454161,0.5877586
kumar,pca,6,0,448.13140995409583,0.6099605616085955,1.919373434150745,0.5616517
kumar,pca,7,0,436.7869382879366,0.6183853196067465,1.8649485863655069,0.5558112
kumar,pca,8,0,429.3123198504998,0.6232667406234381,1.826618904643133,0.55216956
kumar,pca,9,0,424.76966116945,0.62587217558539,1.79989393061423,0.5501301
kumar,pca,12,0,414.85896440456077,0.63143304990132,1.7382027572597274,0.5456957
kumar,pca,14,0,410.1077916160739,0.634639332827054,1.714492715329044,0.54340947
kumar,pca,16,0,405.9261433072009,0.637524613688844,1.6937282148661452,0.5414235
kumar,pca,18,0,402.34853847585504,0.6395224853112542,1.676480196152077,0.53991085
kumar,pca,20,0,399.3613136246043,0.6412283763335159,1.661200592219619,0.5386591
kumar,pca,30,0,388.3454129832349,0.6480523285737085,1.6044685455654102,0.5334349
kumar,pca,35,0,384.8154539642981,0.6501862654510575,1.5865803962267517,0.5317578
kumar,pca,40,0,381.9397122073675,0.6519127937430064,1.5717143831087481,0.5303755
kumar,pca,45,0,379.67256519152465,0.6534678102823744,1.5605863107092983,0.5292093
kumar,pca,75,0,372.4838529946083,0.6595739217972553,1.5288054370872808,0.5250982
kumar,umap,10,0,2787.818230142101,0.2222437434143508,7.831697844290599,0.845718
kumar,umap,25,0,2892.189331414409,0.19803816637027052,8.443387013900672,0.8613512
kumar,umap,100,0,2497.4400887267675,0.24232818622376104,6.867887894450092,0.8299268
kumar,umap,5,0,2702.5825672922474,0.20111120927052947,8.830899349788499,0.8594896
kumar,umap,50,0,2541.381815865679,0.25340034254821986,6.439451290608901,0.8220154
kumar,umap,1,0,1557.8148222465088,0.2650814840007312,6.711968755564676,0.8086319
kumar,umap,2,0,2743.0549252569053,0.22011292149959627,7.011040973271603,0.8418558
kumar,umap,3,0,2474.5717327881903,0.2797805398388577,6.061349795821617,0.8046041
kumar,umap,4,0,2917.1598480327,0.23839987058090384,7.024456454464335,0.8307175
kumar,umap,6,0,2463.4525152160877,0.29530608101591516,5.689882502667305,0.7914304
kumar,umap,7,0,2099.6511962764407,0.24790674672725957,6.744316095442957,0.8294983
kumar,umap,8,0,2499.248266882693,0.2460552900841757,6.500335287006124,0.82843727
kumar,umap,9,0,2861.4665655838844,0.26605436969171997,5.584287330230933,0.8131788
kumar,umap,12,0,2690.4929370988225,0.2470625725243918,6.547698927935715,0.82677215
kumar,umap,14,0,2688.5371397847666,0.21253679687640958,7.971089166013566,0.8505085
kumar,umap,16,0,2642.1896402020893,0.27202470666773215,5.880595904694469,0.8053642
kumar,umap,18,0,2519.7738145442945,0.2575971341984144,6.300787474711256,0.81946605
kumar,umap,20,0,2225.092411320345,0.2598057864961255,6.519897440805875,0.8194121
kumar,umap,30,0,2503.1328714210144,0.2427675437524285,6.725559828748594,0.83154434
kumar,umap,35,0,2698.804653592419,0.21609969212124316,7.635600894127184,0.8477999
kumar,umap,40,0,2576.4177577522187,0.22742055422496762,7.41813823455549,0.84307265
kumar,umap,45,0,2600.774900288261,0.23683372552152418,7.237548722054298,0.8340483
kumar,umap,75,0,2516.2733501301477,0.234094063011563,7.3086111901382305,0.8370863
kumar,fa,10,0,28.87511624380664,2.158776895663769,0.5463204753518609,0.26775312
kumar,fa,25,0,10.127076552754437,3.7704231082782402,0.30179986107855555,0.1380443
kumar,fa,100,0,2.448026139667627,8.6377661169369,0.14979634891953245,0.051582515
kumar,fa,250,0,0.999999956871436,12.980783877448365,0.15142797129938854,-3.7751665e-08
kumar,fa,500,0,1.000000067842685,12.98078314553702,0.15142797997234986,-3.111017e-08
kumar,fa,1000,0,0.9999999757704696,12.980783876634169,0.15142797547023312,-2.5866882e-08
kumar,fa,2500,0,0.9999998538959317,12.980782969133202,0.1514279882820285,-4.579137e-08
kumar,fa,5000,0,0.9999999595366842,12.980783772625514,0.1514279733263528,-3.8450775e-08
kumar,fa,10000,0,1.0000001216322425,12.980782935030183,0.1514279840599642,-3.7402113e-08
kumar,fa,15000,0,0.9999998960922107,12.98078370212034,0.1514279792152288,-3.390659e-08
kumar,fa,5,0,75.33975437464626,1.1755231426074084,1.134974466612056,0.43735844
kumar,fa,50,0,4.872679704159117,5.551349942718377,0.19093949155578668,0.12791574
kumar,fa,1,0,3338.8429823179345,0.48793912011851387,1.0432431094696097,0.56214094
kumar,fa,2,0,1784.1252780600248,0.24307360652057153,6.4188093851684975,0.8284411
kumar,fa,3,0,201.51401009401135,0.7839961886820523,1.6828691136567064,0.56618285
kumar,fa,4,0,110.9525700887416,1.1067803994277032,1.1637205198737424,0.4561856
kumar,fa,6,0,57.035542279480104,1.4406284852884828,0.8850323974771018,0.37092283
kumar,fa,7,0,45.884734459190675,1.6574832486169297,0.7324576054756721,0.3404432
kumar,fa,8,0,38.284155285910735,1.8472252971861218,0.656439068664129,0.30157915
kumar,fa,9,0,32.99884214363051,2.05036937385614,0.5903086752725201,0.26873723
kumar,fa,12,0,23.253987020088204,2.4665681264995336,0.4817164825566411,0.22512923
kumar,fa,14,0,19.344581133213534,2.682396423266424,0.43389838383940504,0.21373393
kumar,fa,16,0,16.651660377611723,2.940665938313746,0.39465855619843915,0.19168968
kumar,fa,18,0,14.586383569800118,3.1223125963947886,0.36685745324796903,0.18520418
kumar,fa,20,0,12.964160892004653,3.3414688422178807,0.3420722145431887,0.17063959
kumar,fa,30,0,8.357345591513576,4.1880530562490845,0.26998267020962935,0.12027672
kumar,fa,35,0,7.067651516622224,4.587341305028871,0.24084377893090098,0.12433974
kumar,fa,40,0,6.146066180856591,4.951507517929007,0.22112680746371105,0.115397885
kumar,fa,45,0,5.430991885341358,5.199469970351003,0.20510722454848826,0.12695344
kumar,fa,75,0,3.2421279042481426,7.112917973527583,0.14797330277204604,0.09083876
kumar,mctsne,5,0,1784.547825199956,0.2885982160028449,6.557291084785781,0.79623973
kumar,mctsne,10,0,1896.2605181515446,0.2828016435987739,6.187234956256496,0.79604733
kumar,mctsne,2500,0,4584.181643071628,0.04967154383254666,31.147982479771997,0.97443473
kumar,mctsne,5000,0,4536.57660116096,0.05062985108264628,30.649414627929474,0.9742685
kumar,mctsne,50,0,1.2369233124488235,2.854770915242565,0.4767902454326224,-0.1645648
kumar,mctsne,10000,0,4540.8005385332135,0.05064095712243518,30.7139444552243,0.97411466
kumar,mctsne,1,0,2733.616339936113,0.2857456426444169,5.75160528857533,0.78867084
kumar,mctsne,2,0,1415.5159970676823,0.3198955109784634,5.768025685919372,0.7733767
kumar,mctsne,3,0,1831.291210567566,0.28290484358474505,6.186370114455025,0.79540104
kumar,mctsne,4,0,1674.0688140674804,0.292335624333518,6.08339420378146,0.78939945
kumar,mctsne,6,0,1761.1643872040145,0.2966063058634752,5.940019642552133,0.78649116
kumar,mctsne,7,0,1808.8494612298189,0.29227601300899114,6.068416557757704,0.791012
kumar,mctsne,8,0,1991.003023129718,0.28402722726657864,6.150807362273339,0.7948939
kumar,mctsne,9,0,2060.2033691506226,0.28306583712123784,6.130905016985069,0.7952267
kumar,lda,5,0,451.9849479651998,1.5384187601925507,0.1725891576738242,0.28057814
kumar,lda,10,0,565.5023229972245,0.5616785380751376,2.1330782683729184,0.7448687
kumar,lda,25,0,211.27291092552792,1.0337093331016003,1.2498961397153627,0.53988683
kumar,lda,50,0,127.45180746751406,1.2720955556712925,1.0694891339220742,0.47345126
kumar,lda,250,0,32.317965033689056,3.112829895652608,0.44796715854500163,0.20528321
kumar,lda,100,0,83.64735291513885,1.6556169018312261,0.8271388160314164,0.38117683
kumar,lda,1000,0,23.495345146322133,3.472862055193566,0.40021157474459695,0.16835587
kumar,lda,500,0,21.04067977845491,3.247036484795403,0.39456185068275634,0.14909689
kumar,lda,2500,0,12.597803346469902,4.148216517523759,0.3656442410702865,0.08348269
kumar,lda,5000,0,15.3272361020193,3.585275820920632,0.4308358204491417,0.08734182
kumar,lda,1,0,1.0,0.0,nan,0.0
kumar,lda,2,0,5093.317924199466,0.9670656684769767,1.1758017083069268,0.43358183
kumar,lda,3,0,2536.105110806404,0.2290597883255019,4.3177173638724815,0.82294565
kumar,lda,4,0,949.5443292295988,0.3738535680551253,3.372136894276115,0.8124342
kumar,lda,6,0,514.1479346501874,0.5894152329012644,2.1943161104626054,0.7128219
kumar,lda,7,0,283.7769370170834,0.7063862387495096,2.195559284297677,0.5881561
kumar,lda,8,0,553.6172001478842,0.5441271679116129,2.2342127841025388,0.7513553
kumar,lda,9,0,523.739850078192,0.5716628926937847,2.1400568795648462,0.74062407
kumar,lda,12,0,248.4637750336678,0.9438596112464896,1.6274010336669442,0.5748771
kumar,lda,14,0,226.91417944238847,0.977663167990397,1.5307978597316114,0.5651929
kumar,lda,18,0,167.84319129631805,1.055364098888239,1.3771924059378289,0.49054816
kumar,lda,16,0,197.13501107845488,1.0009157274737355,1.3448705554078944,0.5203071
kumar,lda,20,0,168.8323027983317,1.1241799826583891,1.243757348009939,0.48709825
kumar,lda,35,0,85.39229505976876,1.6964207057005325,0.776783382069153,0.34655046
kumar,lda,30,0,81.27633645134115,1.5238522806202155,1.026157012556362,0.3581731
kumar,lda,45,0,72.20265080994311,1.6830196340497094,0.8648255992254522,0.34557056
kumar,lda,40,0,132.2501832861113,1.4000385371917485,0.8796933013107789,0.4351475
kumar,lda,75,0,59.23704421675951,1.9298670827471958,0.7725978815465854,0.3042887
simk4easy,umap,10,0,20463.48878343676,0.2173818923688081,3.2784288601599583,0.84879625
simk4easy,umap,25,0,22088.376157302642,0.24021032573935625,2.68599329029454,0.84715796
simk4easy,umap,100,0,23557.19345021069,0.20195907313697142,3.2280673057253786,0.8643175
simk4easy,umap,250,0,14658.332173161834,0.19552525849616956,4.143044619315917,0.8477686
simk4easy,umap,500,0,12119.155412474576,0.24304241625647954,2.9699082997078743,0.8439775
simk4easy,umap,1000,0,4.655355736924972,6.9563922061788785,0.24102203466211602,0.015856516
simk4easy,umap,2500,0,1.609923540976369,12.090231303010167,0.15467018161156565,0.0018562613
simk4easy,umap,5000,0,1.272842048270726,13.822370771996603,0.12988433809241512,0.00048369044
simk4easy,umap,10000,0,1.118375941467162,14.854675015312566,0.11779893658540712,0.00020225969
simk4easy,umap,15000,0,1.074889589607448,15.19412414379209,0.11492827762772637,5.12684e-05
simk4easy,umap,5,0,21096.809387956786,0.22716334597122234,3.0526969901485534,0.85433036
simk4easy,umap,50,0,23097.73842364785,0.23608250435995137,2.7674683586043267,0.8499826
simk4easy,umap,1,0,14327.081640674573,0.20865271839758515,2.4654057818244337,0.8516294
simk4easy,umap,2,0,14179.841247506989,0.2489451044066633,2.484766701432852,0.8149585
simk4easy,umap,3,0,17416.270167500024,0.22141338305310337,2.7525790876587775,0.8475417
simk4easy,umap,4,0,22868.082659050688,0.23216375722927618,2.907110207637372,0.8277574
simk4easy,umap,6,0,17124.166555915785,0.23353972288155062,3.032117864788576,0.84382486
simk4easy,umap,7,0,15152.474949923968,0.25282507567646506,2.7536364873883947,0.8264434
simk4easy,umap,8,0,24729.211514353847,0.22492350649074552,2.9584847260246843,0.8492704
simk4easy,umap,9,0,26399.943946012103,0.23159390994409634,2.8807072322761185,0.8431593
simk4easy,umap,12,0,20346.095952077212,0.22370385308020624,2.835773992132364,0.84368914
simk4easy,umap,14,0,21480.679169350737,0.23358651597605287,3.2219351462959698,0.8386714
simk4easy,umap,16,0,20100.549050976275,0.23255912253910707,2.8178525410324773,0.8446704
simk4easy,umap,18,0,20458.06581761024,0.22859921928831262,2.761617243739743,0.84664005
simk4easy,umap,20,0,22155.52938967808,0.24572581813662692,2.565943497084955,0.84216493
simk4easy,umap,30,0,20392.261740506816,0.2563487805394219,2.4350227057216753,0.84524786
simk4easy,umap,35,0,22824.83252798953,0.23844457950954656,2.8324127864503614,0.85380656
simk4easy,umap,40,0,23285.738448350116,0.21716268435357444,3.1547597663545486,0.8522418
simk4easy,umap,45,0,21900.491995237553,0.221372080417705,3.1773341235108226,0.85185224
simk4easy,umap,75,0,23538.1805344686,0.22220810467990754,3.180178077261399,0.85829616
simk4easy,pca,10,0,177.22066772769037,1.4480192067182083,1.148638891535782,0.30314076
simk4easy,pca,25,0,114.7223348150478,1.794010917859186,0.9310885393290624,0.21733779
simk4easy,pca,100,0,72.19387762179898,2.2885623734360876,0.742804617359393,0.1502091
simk4easy,pca,250,0,64.16266585585196,2.4343686013564314,0.7008033515787525,0.13566315
simk4easy,pca,500,0,63.28275372636699,2.4519413745034,0.6958854092625578,0.13405257
simk4easy,pca,5,0,241.89578200118254,1.8767693696551015,0.742642787395923,0.29625866
simk4easy,pca,50,0,87.79521560216313,2.0609946994007795,0.8164896752692833,0.1755119
simk4easy,pca,1,0,4670.264991873603,1.2339275089644341,0.7474879957379219,0.56094766
simk4easy,pca,2,0,340.27592261424934,4.489370328658985,0.2492190075426181,0.31243843
simk4easy,pca,3,0,393.20669343000384,1.5090695209660243,0.8996913594107543,0.4142385
simk4easy,pca,4,0,282.8628703186956,1.8300888278453251,0.7640206021021154,0.33494386
simk4easy,pca,6,0,214.78477796790793,1.911896996651043,0.7514443540243853,0.27614212
simk4easy,pca,7,0,197.15105888376993,1.9948388125694922,0.723906114543797,0.2596059
simk4easy,pca,8,0,190.31706798047134,1.6634715192356488,0.9344750345821365,0.28188634
simk4easy,pca,9,0,186.5337269225623,1.4424684844827826,1.1437215475350215,0.30951318
simk4easy,pca,12,0,161.6793051860413,1.511216264372575,1.1098983179284383,0.28399885
simk4easy,pca,14,0,150.00551530628388,1.5688571066666683,1.075246628972863,0.26783946
simk4easy,pca,16,0,140.41876137363252,1.6230936786623584,1.0354829983030445,0.25477332
simk4easy,pca,18,0,132.80050681292494,1.6683619529295517,1.0041039635006357,0.24355789
simk4easy,pca,20,0,126.60912437082978,1.7028365097139422,0.9805203886718553,0.23434359
simk4easy,pca,30,0,106.2827616169765,1.8659237382716787,0.8965809681893688,0.20420483
simk4easy,pca,35,0,99.9330929943652,1.923348062537316,0.8700525217551338,0.1934456
simk4easy,pca,40,0,94.97034616336012,1.975915328310783,0.8488113576636248,0.18615839
simk4easy,pca,45,0,90.97431575057452,2.0213248987448074,0.8311364656365857,0.18022895
simk4easy,pca,75,0,77.4630100796568,2.2030397976547142,0.7682128848793843,0.15894641
simk4easy,fa,10,0,70.53450006320413,1.6956569191994344,0.9986349295671177,0.22223407
simk4easy,fa,25,0,22.532862084958023,3.104606389772748,0.5425965163858918,0.08606912
simk4easy,fa,100,0,5.120553514633766,6.694532206991238,0.2516546295273737,-0.002952097
simk4easy,fa,250,0,2.0015180058657034,11.047699807535237,0.15337398530181517,-0.00936093
simk4easy,fa,500,0,0.9999999483208535,15.85361943851904,0.1083995134562824,-1.3751971e-08
simk4easy,fa,1000,0,1.0000000199015413,15.853619400006139,0.10839952081783713,-1.0494925e-08
simk4easy,fa,2500,0,1.0000001028776169,15.853617011208819,0.10839954713152125,-1.08568186e-08
simk4easy,fa,5000,0,0.9999998037904884,15.853620081362639,0.10839951238688016,-1.3751971e-08
simk4easy,fa,10000,0,0.9999998500411158,15.853622181039135,0.10839949275031693,-1.3993232e-08
simk4easy,fa,15000,0,0.9999999382008768,15.853621260783104,0.10839949504396208,-1.00124e-08
simk4easy,fa,5,0,241.71089766884273,0.8306972459232791,1.9509233908502726,0.47792768
simk4easy,fa,50,0,10.56941570816907,4.575988610571649,0.367790483717535,0.0269039
simk4easy,fa,1,0,297514.5790622514,3.0063485194701576,0.273608496181188,0.75617933
simk4easy,fa,2,0,139936.2048697145,0.07482706786359447,17.71157120114,0.9605266
simk4easy,fa,3,0,8416.284722291628,0.13571497354678166,11.02126803856066,0.89453775
simk4easy,fa,4,0,483.9079772326482,0.5745016138192732,2.6618258955210417,0.61132
simk4easy,fa,6,0,163.46222000771925,1.0757946961668652,1.536807599647308,0.38257688
simk4easy,fa,7,0,121.52506497220438,1.2612322965328349,1.3420153621701736,0.32638374
simk4easy,fa,8,0,98.0145484631,1.4135366173185957,1.204872210699845,0.2846836
simk4easy,fa,9,0,81.97496515335799,1.5643247753679128,1.0746100247697343,0.24396364
simk4easy,fa,12,0,54.83127353820199,1.9377582481811433,0.8626617701137449,0.18785171
simk4easy,fa,14,0,44.93121047132771,2.138375412732374,0.7884769664269972,0.16118482
simk4easy,fa,16,0,38.09133290159674,2.366089317031962,0.7103643982296038,0.13914873
simk4easy,fa,18,0,33.04335177713724,2.5260463000777156,0.6681256039966231,0.12584771
simk4easy,fa,20,0,29.157449962686652,2.7165128791984445,0.6191098667483688,0.111512415
simk4easy,fa,30,0,18.372194867313574,3.4287276175833923,0.4923807918396942,0.06544587
simk4easy,fa,35,0,15.514394528476231,3.7399165402531973,0.4482716296788042,0.05127417
simk4easy,fa,40,0,13.422130956438776,4.032373557602737,0.4184870507498333,0.04014759
simk4easy,fa,45,0,11.815497423121682,4.319152094420941,0.3894292060204826,0.031172054
simk4easy,fa,75,0,6.898465357628072,5.741132668144585,0.29265088768125824,0.009199949
simk4easy,mctsne,5,0,2796.1468800630037,0.45861796978314784,1.685560597206382,0.67647547
simk4easy,mctsne,10,0,2982.4205197309216,0.46288499984934706,1.679718179155957,0.67919976
simk4easy,mctsne,100,0,2.4655397913436836,4.186392247608053,0.2598548509769472,-0.52848804
simk4easy,mctsne,1000,0,2.6660104128307474,21.82067545207356,3.9639030321378334e-07,-0.724051
simk4easy,mctsne,2500,0,0.4142253651651794,90.62893595639905,8.716513750867248e-07,-0.29470733
simk4easy,mctsne,5000,0,40996437810.20296,10.139691402870032,0.08632150223582136,0.78282994
simk4easy,mctsne,50,0,1.4362659157533575,3.8338785179348753,0.2827579277952219,-0.028288415
simk4easy,mctsne,10000,0,0.5799823734131014,1.6906892904015767,0.0005985556777600441,0.020801328
simk4easy,mctsne,1,0,4835.141810463851,0.2828695705215739,1.8249739016651263,0.7231683
simk4easy,mctsne,2,0,2023.911862643297,0.4676598175969184,1.4123992782572117,0.6443656
simk4easy,mctsne,3,0,2361.67089521511,0.48455827996549594,1.5611728477294284,0.6487924
simk4easy,mctsne,4,0,1971.2051243812903,0.4776030759938103,1.662306332765755,0.6673377
simk4easy,mctsne,6,0,2349.3759071861723,0.46894018252694875,1.6954530880858594,0.6701292
simk4easy,mctsne,7,0,3006.875596562139,0.4641794312689568,1.668366960768098,0.6801653
simk4easy,mctsne,8,0,2419.9505089336276,0.47106661992579457,1.6776432461203294,0.6708936
simk4easy,mctsne,9,0,3403.404936574504,0.45574927743147836,1.6923358930016807,0.68346655
simk4easy,lda,5,0,4189.735976542256,0.4368713121377915,3.020977014962616,0.7572486
simk4easy,lda,25,0,2144.355398254839,0.4516421789038244,3.6116623472998866,0.6938825
simk4easy,lda,10,0,3648.82018546786,0.36319799262561825,4.188477685216416,0.76320386
simk4easy,lda,50,0,2093.3389158182467,0.39993334330731717,3.5797520787484314,0.73430324
simk4easy,lda,100,0,882.3459468929775,0.5397847301240016,2.669312806243,0.66754544
simk4easy,lda,250,0,644.7502317471467,0.6189746619538552,2.4091501620601155,0.63109136
simk4easy,lda,500,0,898.4226947978552,0.5622855918438195,2.4747769929831924,0.65356195
simk4easy,lda,1000,0,988.562640697082,0.45999625872327143,2.9395589836056306,0.68431234
simk4easy,lda,2500,0,970.4709321210851,0.5379554246262812,2.7318207988220347,0.66635984
simk4easy,lda,1,0,1.0,0.0,nan,0.0
simk4easy,lda,2,0,26900.200962837494,0.5803763085953588,1.9141272891429695,0.7751686
simk4easy,lda,4,0,7200.163066321394,0.6925906537264287,1.6004556314022726,0.69013196
simk4easy,lda,3,0,9856.349908357653,5.197366172902353,0.1932392557066894,0.64574647
simk4easy,lda,6,0,4076.203715810927,0.5129492911819837,2.2854047010610783,0.7456674
simk4easy,lda,7,0,6202.060642123961,0.3776340853494292,3.4692909253354594,0.78712356
simk4easy,lda,9,0,4468.588689753584,0.4885266008284578,2.3646651272978385,0.740257
simk4easy,lda,8,0,3480.9128827177024,0.356248249364889,3.8971159615919158,0.78052664
simk4easy,lda,12,0,3468.5759880032942,0.4895637637458041,2.3406456427628255,0.739083
simk4easy,lda,14,0,2523.5800854284207,0.4546592957181118,3.573685609939098,0.7105517
simk4easy,lda,16,0,3489.0568816596788,0.414734897515217,3.9649773061661504,0.73402
simk4easy,lda,20,0,2719.9149505756154,0.44996159399117364,3.58000154055448,0.7152324
simk4easy,lda,18,0,1835.2544984348829,0.47002099608616976,2.994221611042072,0.7126526
simk4easy,lda,35,0,1579.8443933826268,0.4739570766567168,3.344116492110185,0.6905155
simk4easy,lda,30,0,1601.65959880649,0.3848718639905975,4.205796170360629,0.7268972
simk4easy,lda,40,0,1221.1621581904865,0.4524184195899628,3.635671895204258,0.69404244
simk4easy,lda,75,0,1364.5023877255726,0.4882194540689421,2.6608631061724717,0.6890932
simk4easy,lda,45,0,1472.6263396902928,0.5254880053318698,2.7560049223068175,0.6840832
simk8hard,pca,10,0,31.589864059457415,4.0377132101670945,0.23517613904736676,0.038120486
simk8hard,pca,25,0,20.61558708102968,3.2904550699919746,0.41122937816161015,0.036233906
simk8hard,pca,100,0,12.954665994401573,3.758055253817014,0.36545560760297596,0.038770296
simk8hard,pca,250,0,11.450956548752679,3.995781079234363,0.3454386738808183,0.034284115
simk8hard,pca,5,0,23.95680262727699,7.375953902660639,0.16315397383180016,-0.022463467
simk8hard,pca,50,0,15.721604237225595,3.483927734094917,0.3916349895483067,0.044421386
simk8hard,pca,1,0,263.4769280842339,31.363532371530304,0.014268854685256023,-0.083204076
simk8hard,pca,2,0,58.48001451254671,12.647783229542796,0.047090522886037184,-0.061117344
simk8hard,pca,3,0,34.85953770346888,10.129837349715034,0.08553273207905894,-0.037527855
simk8hard,pca,4,0,29.63908664646382,7.250952379794221,0.16637989646892395,-0.031242304
simk8hard,pca,6,0,30.705874149706585,5.706472166545563,0.2252660074053904,0.00912127
simk8hard,pca,7,0,30.98924944424716,4.666467274722024,0.257515701095456,0.018580053
simk8hard,pca,8,0,32.7134273525499,4.034335879748054,0.24911250438700272,0.03944686
simk8hard,pca,9,0,30.328302812651373,4.170722509620706,0.23729981817309942,0.032875057
simk8hard,pca,12,0,28.392953328956935,3.7699187125519575,0.2956521584863011,0.03658181
simk8hard,pca,14,0,26.514508373588253,3.654990453953155,0.303600818240163,0.031663127
simk8hard,pca,16,0,25.152979193944827,3.354265767844767,0.3611886845612791,0.03178581
simk8hard,pca,18,0,23.763605028224354,3.4247754098370553,0.35124074850533765,0.032503366
simk8hard,pca,20,0,22.594221594588905,3.5087936389519845,0.3500215242354889,0.031593833
simk8hard,pca,30,0,19.11132770767417,3.284911068930795,0.41406935954564283,0.039957434
simk8hard,pca,35,0,18.015317348571894,3.3137854740712576,0.40569967536849877,0.045786425
simk8hard,pca,40,0,17.157568701629376,3.3530644805712413,0.4047641186999269,0.047148425
simk8hard,pca,45,0,16.33438147048481,3.427710790825686,0.39608224024991384,0.045369405
simk8hard,pca,75,0,13.888535574597677,3.6456905582254153,0.376860408793411,0.041246574
simk8hard,umap,10,0,186.1355771129417,4.1077416990181,0.20294975391690376,0.19000329
simk8hard,umap,25,0,190.345999580482,4.106106273138409,0.20652941398941005,0.19085574
simk8hard,umap,100,0,183.68751884575823,4.022939935667632,0.21785786434329268,0.19405964
simk8hard,umap,250,0,187.66606711419482,4.018353626031214,0.21185263736021984,0.18784402
simk8hard,umap,5,0,165.13122267200723,3.907298975024844,0.21692679864533765,0.18131676
simk8hard,umap,50,0,186.95076720961112,3.9718967611882365,0.2201787198607781,0.19099839
simk8hard,umap,1,0,157.94640153018992,134.80738189592898,0.00401240375381,0.026103953
simk8hard,umap,2,0,596.6531691492821,6.535575920196231,0.10607268139302882,0.14560916
simk8hard,umap,3,0,160.48639998600424,6.500387013696387,0.12788628448533304,0.18081273
simk8hard,umap,4,0,189.61920603642267,4.519549648192133,0.21727850337430096,0.19258125
simk8hard,umap,6,0,197.41260823757196,4.1225941412398,0.20264520866752778,0.18771873
simk8hard,umap,7,0,192.46016611633144,4.01488475779788,0.20981129815345784,0.19297145
simk8hard,umap,8,0,210.13860937113913,3.95685430723159,0.22118450959722977,0.19157155
simk8hard,umap,9,0,188.46258237215326,4.053714219712608,0.2128848923574176,0.1905995
simk8hard,umap,12,0,176.6714806601745,4.097265582965491,0.20740069559815616,0.19298998
simk8hard,umap,14,0,176.79701310540457,4.180871194282087,0.203638057299337,0.19486602
simk8hard,umap,16,0,187.78293711288498,4.0470213609709935,0.2137741065759021,0.19155462
simk8hard,umap,18,0,168.11458067266474,3.9625374514684886,0.21443939628114794,0.1926428
simk8hard,umap,20,0,178.17231274182828,4.079627867064229,0.21112770785942656,0.18901579
simk8hard,umap,30,0,194.73750721529453,4.121843145368068,0.20475854892161371,0.19823246
simk8hard,umap,35,0,193.98329013720522,4.0508375560672505,0.21384780149193616,0.19335191
simk8hard,umap,40,0,192.96630332572934,3.772357727346254,0.2361990226041139,0.19186448
simk8hard,umap,45,0,173.72936015032172,4.12135530324646,0.20939556838849238,0.19079058
simk8hard,umap,75,0,173.3763559750127,4.246708701677513,0.20307419006914088,0.19174843
simk8hard,fa,10,0,83.64958869716615,1.1029761451479612,1.423143894178962,0.32600328
simk8hard,fa,25,0,21.06484907724427,2.326395777213164,0.6924522322424316,0.110661894
simk8hard,fa,100,0,4.957446005627085,4.970911693121617,0.3065483643443756,0.010602625
simk8hard,fa,250,0,1.9430309635999217,8.21639635578861,0.1927375132294726,-0.009566841
simk8hard,fa,500,0,0.999999994880792,11.683426583681946,0.13986038809430443,-1.8149104e-09
simk8hard,fa,1000,0,0.9999999783518329,11.683426953169773,0.1398603780280162,-2.2988873e-09
simk8hard,fa,2500,0,1.0000000094766164,11.68342684315395,0.13986038360349579,-1.4640287e-08
simk8hard,fa,5000,0,1.0000000509443572,11.683426217768835,0.13986039477437331,-1.42773064e-08
simk8hard,fa,10000,0,1.0000000235593396,11.683427135063473,0.13986038156156608,-1.3430347e-08
simk8hard,fa,15000,0,0.9999999599226848,11.683426289662314,0.13986039601371544,-1.3672335e-08
simk8hard,fa,5,0,536.9563520552792,1.1588775658903063,0.5307686618131735,0.5113606
simk8hard,fa,50,0,10.142672275281999,3.3936711318009936,0.44443089925087753,0.052482523
simk8hard,fa,1,0,8021.125343498885,5.769946839543752,0.144212404310309,0.45581648
simk8hard,fa,2,0,3715.856597534143,1.723266369379255,0.3245853221477445,0.5583772
simk8hard,fa,3,0,2351.799323734585,2.2752063944248078,0.2456616174578097,0.5395405
simk8hard,fa,4,0,1830.9398264622855,0.993600688459646,0.7014355206011013,0.57893085
simk8hard,fa,6,0,322.420649240259,0.7912219282900044,1.1053543554950744,0.50597
simk8hard,fa,7,0,178.3850031527021,0.7759710824584856,2.1144908326651164,0.442438
simk8hard,fa,8,0,111.36140906693969,1.0377697485656654,1.2017069238506082,0.32386765
simk8hard,fa,9,0,95.84501353654206,1.1000996566247805,1.3122416101627954,0.33499226
simk8hard,fa,12,0,59.495563047853516,1.3270679016476747,1.1594115012633117,0.2675866
simk8hard,fa,14,0,46.31131304748493,1.5050026258638463,1.0210442807430669,0.21643561
simk8hard,fa,16,0,39.245035825643264,1.6330845275245038,0.9456520248048094,0.20937389
simk8hard,fa,18,0,32.159946629966015,1.8361015321168876,0.8508460599495833,0.16622943
simk8hard,fa,20,0,27.587957822680323,1.9980991000669148,0.7649494190939569,0.1492092
simk8hard,fa,30,0,17.617575143042124,2.5581546782778775,0.5853960093386719,0.09484067
simk8hard,fa,35,0,14.509746145784877,2.810240975156124,0.536137292006565,0.06971101
simk8hard,fa,40,0,12.702909502206882,3.0057144113966707,0.5138455440745806,0.062031765
simk8hard,fa,45,0,11.192133963502643,3.2354629781382083,0.4787196946004921,0.060588002
simk8hard,fa,75,0,6.625512579719323,4.244189499304845,0.35328902507167437,0.02290686
simk8hard,mctsne,5,0,115.50248859040106,3.317341469829686,0.27607412765515804,0.18989629
simk8hard,mctsne,10,0,126.32766347979793,3.1571509359099847,0.3090858885843922,0.19891307
simk8hard,mctsne,100,0,2.119610286758813,81.55159969377468,9.805775207406304e-08,-0.8157046
simk8hard,mctsne,1000,0,341.08682294148525,24.962445058480924,4.554418064935794e-07,-0.48453823
simk8hard,mctsne,5000,0,804.5234578115891,268.5413655910357,1.3742950096626465e-06,-0.44602036
simk8hard,mctsne,50,0,3.12036231067008,573.2593532387777,3.0088481023093454e-09,-0.4533546
simk8hard,mctsne,10000,0,463.5344060088768,5.828552648583674,2.8537625796397337e-07,-0.4712147
simk8hard,mctsne,1,0,90.73445485891558,11.82479762279861,0.03764825283756229,0.09458449
simk8hard,mctsne,2,0,96.59674538511415,11.174687310773928,0.05142590722943666,0.1384126
simk8hard,mctsne,3,0,115.65236350948615,3.742718366741933,0.2391617761173849,0.16537607
simk8hard,mctsne,4,0,121.68637001653201,3.8026059327712343,0.22126106128872178,0.1926244
simk8hard,mctsne,6,0,111.30743489792579,3.162368767476208,0.30153095250516987,0.19309777
simk8hard,mctsne,7,0,122.81389353364996,3.176132241728265,0.3084566775239998,0.19921218
simk8hard,mctsne,8,0,115.16211992922774,3.1977145233223108,0.29839911235022315,0.19753598
simk8hard,mctsne,9,0,122.24729607185131,3.107547574211202,0.31914314555892176,0.198683
simk8hard,lda,5,0,55.085658561470616,4.44961091282192,0.20566977941122552,0.020927848
simk8hard,lda,10,0,71.86857975795171,2.869680749476614,0.4132517780133987,0.14597805
simk8hard,lda,25,0,346.13728924533865,2.354102053186562,0.3579121346144495,0.2065193
simk8hard,lda,50,0,210.03583512686558,2.1994903397891186,0.3688886319176056,0.18464585
simk8hard,lda,100,0,492.31496991987,2.0150041577748317,0.35165359731251306,0.22950283
simk8hard,lda,250,0,615.0592083111114,2.20797430865599,0.23181126989058456,0.2229691
simk8hard,lda,1000,0,228.80479601506823,2.130331733134315,0.2216201702307057,0.19258358
simk8hard,lda,1,0,1.0,0.0,nan,0.0
simk8hard,lda,2,0,37.94719404601203,34.048074471723424,0.024104311982144522,-0.17819421
simk8hard,lda,3,0,150.3060111794398,3.4181760074398104,0.26460137676987333,-0.028402494
simk8hard,lda,4,0,147.47859473311178,4.406288153392863,0.20098644515847888,0.021670477
simk8hard,lda,6,0,90.83209169278689,3.4988311425684047,0.2273854229559168,0.10880346
simk8hard,lda,7,0,85.0744534224102,3.147423871177331,0.3664462034679348,0.0824332
simk8hard,lda,8,0,71.06074407234699,3.357688356266376,0.3026889107712987,0.06252488
simk8hard,lda,9,0,151.12013586684165,3.408946890045395,0.27318457960869924,0.14986677
simk8hard,lda,12,0,226.61171693538407,2.481569413550587,0.3760508080474623,0.15508538
simk8hard,lda,14,0,193.30091125200207,3.1810694294695123,0.26502804345091013,0.2133872
simk8hard,lda,16,0,161.44562806498058,2.714358909313001,0.3265431809358083,0.20643301
simk8hard,lda,18,0,82.65671993712101,2.646286666553655,0.36388959232246976,0.15341471
simk8hard,lda,20,0,118.2443556929414,2.1073796450291704,0.5229008450669546,0.1766637
simk8hard,lda,35,0,236.46011250325859,2.33483753979047,0.36786906597906466,0.20438308
simk8hard,lda,30,0,104.32107290555352,2.235297722730623,0.47575147200792006,0.15219645
simk8hard,lda,45,0,180.73163124647505,2.1577979569660792,0.3725460601294127,0.19411367
simk8hard,lda,40,0,155.0133984115517,2.645998151708848,0.27941633132188226,0.1873023
simk8hard,lda,75,0,363.6915664463108,2.003113901999113,0.33083409829696614,0.23438157
zhengmix8eq,pca,10,0,1103.0382560093942,2.3619047138627036,0.35595589015307394,0.2073988
zhengmix8eq,pca,25,0,740.7591756962428,2.956293197107824,0.29567526611596623,0.16204846
zhengmix8eq,pca,100,0,441.8916642524036,3.8455726368589347,0.23301368619620486,0.11076584
zhengmix8eq,pca,250,0,367.26298751953874,4.166620797258739,0.20578615083813784,0.09015163
zhengmix8eq,pca,500,0,334.46498002690146,4.344937315217102,0.19371845233584012,0.0796979
zhengmix8eq,pca,1000,0,307.63241672440085,4.532014124302853,0.1860239391653381,0.07065001
zhengmix8eq,pca,2500,0,284.05513900533776,4.74677127062755,0.18170767768116006,0.06332738
zhengmix8eq,pca,5,0,1536.459233103698,2.222512215373539,0.4238216957562799,0.23250718
zhengmix8eq,pca,50,0,563.2935833860649,3.4073626428941424,0.2603672127487091,0.13507389
zhengmix8eq,pca,1,0,1603.7219770137606,4.146742795156463,0.2432436096383827,-0.0324229
zhengmix8eq,pca,2,0,2141.307514625966,4.300205595019377,0.22486791227856093,0.11412689
zhengmix8eq,pca,3,0,1941.9188067122209,2.805373305828488,0.32623498881548574,0.19567046
zhengmix8eq,pca,4,0,1786.4829870532992,2.177354488669533,0.42622009160161173,0.24298061
zhengmix8eq,pca,6,0,1436.7058705580987,2.271645129364257,0.3996140562381854,0.23289888
zhengmix8eq,pca,7,0,1311.814917258393,2.34291748522259,0.3568122643938304,0.22258456
zhengmix8eq,pca,8,0,1230.4578377820808,2.3221306950582448,0.3572322850891066,0.21718377
zhengmix8eq,pca,9,0,1159.8894218215307,2.305924647020142,0.36273963161102024,0.21216604
zhengmix8eq,pca,12,0,1015.6354802461813,2.4776785650955366,0.34065981556293884,0.19755802
zhengmix8eq,pca,14,0,944.880178350244,2.59771692292708,0.32632505111116195,0.18918453
zhengmix8eq,pca,16,0,891.2365235757716,2.6878893905748926,0.31680329728113615,0.18222943
zhengmix8eq,pca,18,0,849.1148653545332,2.764444785914458,0.3090187803577797,0.1764509
zhengmix8eq,pca,30,0,687.3863277049429,3.0833644973375183,0.2840497604084423,0.15441744
zhengmix8eq,pca,35,0,646.5472972962094,3.1770569535865563,0.2753313480589498,0.14857514
zhengmix8eq,pca,40,0,613.9055865284631,3.2671864271110693,0.26759365971743065,0.1434535
zhengmix8eq,pca,45,0,586.5194121796169,3.338974925988955,0.26374127274886083,0.13893792
zhengmix8eq,pca,75,0,484.9927600728118,3.687058676464549,0.24506176943780605,0.12120557
zhengmix8eq,umap,10,0,14703.033961268204,1.6713345204755474,0.45664492950914654,0.44325122
zhengmix8eq,umap,25,0,14492.976141094432,1.7131327116255877,0.43682388693900787,0.44066975
zhengmix8eq,umap,100,0,14632.66110342154,1.7457564001667987,0.4255996032288521,0.4423875
zhengmix8eq,umap,250,0,14616.249443650848,1.686636042541677,0.45310383370030116,0.44023377
zhengmix8eq,umap,500,0,14959.724471784124,1.7968350340713708,0.411773254936632,0.44367564
zhengmix8eq,umap,1000,0,14633.560470401824,1.8330992284387995,0.3979628176286126,0.43977216
zhengmix8eq,umap,2500,0,14102.786061126559,1.7127315235449672,0.4407092712556815,0.4392105
zhengmix8eq,umap,5,0,13474.846503608276,1.794361195062336,0.39991186887467545,0.4403362
zhengmix8eq,umap,50,0,14547.593852408214,1.8201060902548316,0.40217186181300507,0.44240093
zhengmix8eq,umap,1,0,13728.986128120529,3.9635672605430003,0.0719027489045341,0.40132812
zhengmix8eq,umap,2,0,16288.944132801314,1.6309933715030493,0.44556644416413227,0.44521114
zhengmix8eq,umap,3,0,12305.315372990906,2.379569157442932,0.26257566223163503,0.4364069
zhengmix8eq,umap,4,0,12482.048307049305,2.325525592111574,0.27202719537593717,0.43979093
zhengmix8eq,umap,6,0,13922.140607574001,2.0032388833066403,0.3439611809984083,0.44147342
zhengmix8eq,umap,7,0,15540.934566806693,1.6894941295842567,0.4436937073712114,0.44495845
zhengmix8eq,umap,8,0,13212.761926799696,1.7592636069625298,0.4296505031207376,0.43839756
zhengmix8eq,umap,9,0,14270.57323235149,1.8346019981385373,0.3976080883949542,0.44263887
zhengmix8eq,umap,12,0,15073.2602763162,1.7654298119885343,0.42023699779987816,0.4416423
zhengmix8eq,umap,14,0,14601.146232902805,1.8710838428172973,0.38792647653108403,0.44129896
zhengmix8eq,umap,16,0,14401.659170899053,1.7983073851748617,0.4072684429245315,0.43889564
zhengmix8eq,umap,18,0,14638.200184475654,1.7579919868410496,0.41859618262839554,0.442471
zhengmix8eq,umap,20,0,14506.807300062055,1.8394884588632487,0.39858027999652446,0.4407471
zhengmix8eq,umap,30,0,14757.435034358392,1.7554440597824046,0.42465835390496387,0.44118878
zhengmix8eq,umap,35,0,14491.48309291104,1.7953922430630147,0.40996886537483307,0.44231606
zhengmix8eq,umap,40,0,15401.655012661258,1.744679136005312,0.4298598734865982,0.44430807
zhengmix8eq,umap,45,0,14582.646657160078,1.7418410986235335,0.4295095924372832,0.44108447
zhengmix8eq,umap,75,0,14332.646420337654,1.782098296567717,0.41037781868393813,0.44119176
zhengmix8eq,fa,10,0,262.68977676628214,1.7387204383102404,0.5736470697493395,0.27202982
zhengmix8eq,fa,25,0,90.05170007541433,2.5475122690328638,0.1953411425035247,0.07636479
zhengmix8eq,fa,100,0,23.412743916737682,6.227421728488521,0.07326657968345039,-0.14287199
zhengmix8eq,fa,250,0,9.546216026303826,10.264675387841274,0.044942447632289544,-0.18864466
zhengmix8eq,fa,500,0,4.909707227301932,16.04965224792253,0.03007023845606646,-0.19973128
zhengmix8eq,fa,1000,0,2.6478916726524684,23.01585848435868,0.028739387228606215,-0.21706882
zhengmix8eq,fa,5000,0,0.9999999791504743,32.87538249863844,0.05778318659771623,-1.4597676e-08
zhengmix8eq,fa,10000,0,1.0000000389128805,32.87537481028678,0.05778320395334296,-2.0624826e-08
zhengmix8eq,fa,15000,0,1.0000000021489908,32.8753760581038,0.057783206203291866,-2.3061334e-08
zhengmix8eq,fa,2500,0,1.2842170535903115,29.141320114824747,0.04648389019208149,-0.1922843
zhengmix8eq,fa,5,0,911.3420826376538,1.5758333029457288,0.4792613811299771,0.2745959
zhengmix8eq,fa,50,0,45.88008142290301,4.138916037374786,0.11255008929339387,-0.0621025
zhengmix8eq,fa,1,0,11413.812393949205,2.7255606338102467,0.1076755151974794,0.091089375
zhengmix8eq,fa,2,0,7689.099430616062,2.6636481932042932,0.17710156456888115,0.21136768
zhengmix8eq,fa,3,0,6965.110209201571,1.680450669067783,0.3594065157372709,0.3276943
zhengmix8eq,fa,4,0,1690.0365442787584,1.573039498542098,0.46464528130214305,0.28682557
zhengmix8eq,fa,6,0,616.5823925693983,1.5835208099519882,0.47794738973083856,0.27049914
zhengmix8eq,fa,7,0,458.1164166969206,1.635167730689005,0.5373203703050707,0.2800643
zhengmix8eq,fa,8,0,365.5743279806845,1.6611986214663024,0.5715667794895648,0.276761
zhengmix8eq,fa,9,0,303.0782650425976,1.7075591814992057,0.5417108069946364,0.2616919
zhengmix8eq,fa,12,0,205.42468997866084,1.7421746597569299,0.48641061980153566,0.25380987
zhengmix8eq,fa,14,0,167.53053013331444,1.977730059729817,0.38815929195642535,0.21490388
zhengmix8eq,fa,16,0,145.81013823248574,2.125739671381531,0.28013669723535417,0.17124441
zhengmix8eq,fa,18,0,130.27765707931135,2.1139393686300076,0.2824814336468051,0.15909271
zhengmix8eq,fa,20,0,111.63241794443132,2.070506311660414,0.27794857075035334,0.16750221
zhengmix8eq,fa,30,0,74.59853598800439,2.6717115722647824,0.17933737711884212,0.050874125
zhengmix8eq,fa,35,0,63.023938990339154,3.3909245163399073,0.14002905489285056,-0.004200293
zhengmix8eq,fa,40,0,56.205939599611284,3.621278725711297,0.12282178923812834,-0.027442573
zhengmix8eq,fa,45,0,51.526638732464825,3.834363878034101,0.12796928282756556,-0.044326615
zhengmix8eq,fa,75,0,30.822560424993345,5.407697983448365,0.08508351803436517,-0.11377771
zhengmix8eq,mctsne,5,0,5265.930132242939,1.8564078712819096,0.47262596914092303,0.38779595
zhengmix8eq,mctsne,10,0,5435.294632025457,1.8131153849396684,0.46863775264229224,0.3941579
zhengmix8eq,mctsne,100,0,21.510444314693437,6.888948180811157,0.011396924008946416,-0.61045986
zhengmix8eq,mctsne,1000,0,0.7870294805913538,6.628605218612097,1.5190821942289098e-05,-0.43699133
zhengmix8eq,mctsne,2500,0,165.42246943548338,4.207527364947032,0.00036319227066265074,-0.36481792
zhengmix8eq,mctsne,5000,0,5879.192494488408,2.7488736483052967,0.1954357317783409,0.29952288
zhengmix8eq,mctsne,1,0,8281.011014725274,7.550165129424811,0.05077826698549888,0.33696243
zhengmix8eq,mctsne,2,0,6796.759411077994,1.805999491506912,0.43905033380717795,0.40213844
zhengmix8eq,mctsne,3,0,5989.994381339075,1.8372400133923739,0.45768027219007085,0.38706577
zhengmix8eq,mctsne,4,0,5514.717183431219,1.8374961309745617,0.4685933262036927,0.38822547
zhengmix8eq,mctsne,6,0,5367.603324469604,1.8321240815163113,0.46790745582664683,0.38710108
zhengmix8eq,mctsne,7,0,4912.78787983674,1.8612749325142697,0.45359608924796624,0.38121146
zhengmix8eq,mctsne,8,0,5601.447256447438,1.825617508569828,0.4708904970121554,0.392281
zhengmix8eq,mctsne,9,0,5862.11452369286,1.8475989417864467,0.4549587371844795,0.39521602
zhengmix8eq,lda,5,0,6260.767136442387,2.7704258870037153,0.1923788915385047,0.21122825
zhengmix8eq,lda,10,0,7515.298474291298,3.046388061341172,0.21774873114549118,0.20784435
zhengmix8eq,lda,25,0,7590.519415865565,3.1072801779065733,0.16143027941727583,0.21683627
zhengmix8eq,lda,50,0,8609.085911541559,2.5530819787638257,0.15768470275178567,0.23394763
zhengmix8eq,lda,100,0,6524.330723966765,2.5076023237904312,0.1241736645990666,0.2237767
zhengmix8eq,lda,250,0,6331.898485647296,2.6533123824758684,0.12430220835967459,0.23836695
zhengmix8eq,lda,1,0,1.0,0.0,nan,0.0
zhengmix8eq,lda,2,0,2964.229856199704,5.450788804882391,0.12541846564823705,-0.101455264
zhengmix8eq,lda,3,0,4081.99896721763,3.830182661991806,0.22800180408171497,0.11678796
zhengmix8eq,lda,6,0,8276.34661092525,2.4042843881936466,0.2667215827053044,0.21960044
zhengmix8eq,lda,4,0,6241.682392539523,2.409151810967216,0.3560326087435084,0.14209348
zhengmix8eq,lda,7,0,7120.178670701845,3.0347455077501,0.2053198898531161,0.21817021
zhengmix8eq,lda,8,0,5834.661217723528,2.9180488988750497,0.3094282919490653,0.18002973
zhengmix8eq,lda,9,0,6479.246541809192,3.1123857073148917,0.19241819149825495,0.19571488
zhengmix8eq,lda,12,0,8632.267847238567,2.6842646526784883,0.20155607041496004,0.2037048
zhengmix8eq,lda,14,0,7453.018750187527,2.4023052876566053,0.2714341151103083,0.23267062
zhengmix8eq,lda,16,0,7587.9879004477225,2.8149273365365652,0.2060847305580743,0.22204249
zhengmix8eq,lda,18,0,7285.331529494991,2.5245446903145767,0.20575284212195075,0.23645392
zhengmix8eq,lda,30,0,8723.58141237321,2.5705727455140517,0.20042531178711784,0.21519063
zhengmix8eq,lda,20,0,7526.75944056365,2.153282684142402,0.23697171097213343,0.2563943
zhengmix8eq,lda,35,0,5351.078817099736,2.271903291567544,0.25537579527761234,0.24829432
zhengmix8eq,lda,40,0,8246.909112069578,2.6667446093894465,0.14455625806387618,0.2342216
zhengmix8eq,lda,45,0,5068.880897520836,2.6481823322287172,0.10869264286688274,0.20929503
zhengmix8eq,lda,75,0,7766.703966366655,2.473321053409441,0.15019004642722988,0.23910439
zhengmix4eq,umap,10,0,54596.9021477012,0.30722986480546527,3.2288191371705173,0.77499306
zhengmix4eq,umap,25,0,56052.19445890341,0.2998303621042836,3.28783980457563,0.7805228
zhengmix4eq,umap,100,0,53337.36799143363,0.30595161057249576,3.2267108984109867,0.7765991
zhengmix4eq,umap,250,0,56397.22938586731,0.30282325647768016,3.243883367778265,0.7775955
zhengmix4eq,umap,500,0,54611.55578678636,0.30676280047913385,3.320072164323023,0.77679765
zhengmix4eq,umap,1000,0,53110.7215178882,0.30651861603194797,3.2711884140460645,0.7755417
zhengmix4eq,umap,5,0,59702.8682498986,0.30220898068364305,3.1698044463582415,0.77790785
zhengmix4eq,umap,50,0,55109.98530994665,0.3058021412774846,3.283031508342562,0.77666587
zhengmix4eq,umap,2500,0,56656.51929915174,0.30468735243575124,3.228984894846332,0.7780729
zhengmix4eq,umap,1,0,33982.6251984395,0.3090764263283054,2.9853773291552876,0.77515376
zhengmix4eq,umap,2,0,63954.4796717176,0.27486361976208523,3.3469212294017567,0.7957335
zhengmix4eq,umap,3,0,60813.88174804754,0.3086882332167481,3.354773703606479,0.7761432
zhengmix4eq,umap,4,0,51546.80135872952,0.3023070413267407,3.342126865126209,0.77930754
zhengmix4eq,umap,6,0,60976.480345553595,0.30928374775778744,3.2666254064517073,0.7749
zhengmix4eq,umap,7,0,54237.88882646301,0.29961341589707374,3.1830600605656247,0.7801499
zhengmix4eq,umap,8,0,60791.20834186716,0.3082870235614817,3.3737673703996296,0.77392244
zhengmix4eq,umap,9,0,59350.46909393507,0.2981216026935113,3.317243896120914,0.78177696
zhengmix4eq,umap,12,0,54201.137554426714,0.302088190123728,3.2811222924082806,0.7791787
zhengmix4eq,umap,14,0,54998.160481774474,0.30381341987097576,3.2211138595178923,0.7767149
zhengmix4eq,umap,16,0,58310.13678054124,0.30475350425858777,3.2554885045684556,0.778977
zhengmix4eq,umap,18,0,52268.28894479148,0.313605215465107,3.17812303839193,0.77095824
zhengmix4eq,umap,20,0,57737.48700004664,0.3133313103192945,3.2888694104041827,0.7705703
zhengmix4eq,umap,30,0,59047.53255256139,0.30219408495913436,3.273641575874776,0.77805233
zhengmix4eq,umap,35,0,50639.42013810404,0.30011913550798475,3.2558691474224806,0.78023356
zhengmix4eq,umap,40,0,55077.393251485686,0.30329227421826477,3.2191836968274536,0.77965087
zhengmix4eq,umap,45,0,55230.730781787934,0.3058987286357331,3.262943101172274,0.77672553
zhengmix4eq,umap,75,0,57145.70809260182,0.3054907987646521,3.1592212604226453,0.77649254
zhengmix4eq,pca,10,0,2441.995759665884,1.0470761214341207,1.1431277204186807,0.36668822
zhengmix4eq,pca,25,0,1592.7466477899982,1.3403463895107643,0.9156561727671718,0.2730301
zhengmix4eq,pca,100,0,924.9818382392394,1.8229982949440946,0.6956663743705181,0.1729622
zhengmix4eq,pca,250,0,764.4863059723181,1.993382394098718,0.613147798551018,0.14318897
zhengmix4eq,pca,500,0,695.7451864305687,2.082385176924397,0.5773164718913074,0.12973695
zhengmix4eq,pca,1000,0,640.5596882451532,2.1741896432803305,0.5523963546553877,0.11860683
zhengmix4eq,pca,2500,0,592.3443383952101,2.2802223734816542,0.5368724654499554,0.10905117
zhengmix4eq,pca,5,0,3515.8572967062732,0.8691588826296678,1.519323461133542,0.44575527
zhengmix4eq,pca,50,0,1191.9150463914698,1.5867717598351774,0.793709973940868,0.21578631
zhengmix4eq,pca,1,0,12649.729726203655,1.6469525988000355,0.41513005667366976,0.20181863
zhengmix4eq,pca,2,0,7807.741777655066,0.9347672460739671,1.2080195640785794,0.4344623
zhengmix4eq,pca,3,0,5595.935268386497,0.7089068109001397,1.9402601585975943,0.5035675
zhengmix4eq,pca,4,0,4066.1595258085467,0.7985935814260692,1.6336348986027065,0.4618873
zhengmix4eq,pca,6,0,3145.83411237253,0.8993403553086089,1.328907501929638,0.42732745
zhengmix4eq,pca,7,0,2905.0519852775947,0.9456661755743098,1.2596898957384894,0.4066315
zhengmix4eq,pca,8,0,2717.4974682234006,0.9846190816066518,1.2022217528003605,0.39103955
zhengmix4eq,pca,9,0,2569.308128270213,1.010703948515415,1.1731464850573972,0.3800841
zhengmix4eq,pca,12,0,2236.7844751072694,1.101220012853424,1.0938523028396705,0.34796676
zhengmix4eq,pca,14,0,2075.2591738890383,1.141465634245682,1.0578200575815078,0.3331775
zhengmix4eq,pca,16,0,1949.4211943814723,1.1847846801033395,1.0192324826411359,0.31817764
zhengmix4eq,pca,18,0,1846.8025943896903,1.221565762652138,0.984276067990573,0.30601794
zhengmix4eq,pca,20,0,1759.9584165848073,1.2605058532746847,0.9624318667188629,0.29459402
zhengmix4eq,pca,30,0,1471.419978074272,1.4053598722987546,0.8799983117755548,0.2563584
zhengmix4eq,pca,35,0,1377.2629172949514,1.4618472837126375,0.852311466983106,0.24305831
zhengmix4eq,pca,40,0,1303.1337229388123,1.5091652398184023,0.8295910687812753,0.23230433
zhengmix4eq,pca,45,0,1242.9447249853577,1.5505163376171645,0.8103621712832756,0.2235078
zhengmix4eq,pca,75,0,1019.2938853653503,1.732589385615603,0.735850359112862,0.18890199
zhengmix4eq,fa,10,0,449.8670914985926,1.026211898702714,1.1725508756108864,0.447268
zhengmix4eq,fa,25,0,159.2098571989282,2.2146470633640187,0.5591557330313248,0.16197853
zhengmix4eq,fa,100,0,38.48428216957457,5.898799978866441,0.2115352187536496,-0.07661122
zhengmix4eq,fa,250,0,15.430974977080565,10.214964315353242,0.12202928478402124,-0.11649629
zhengmix4eq,fa,500,0,7.731080009597841,15.57952542126125,0.07933736678485753,-0.12509716
zhengmix4eq,fa,1000,0,3.868379541612095,23.992596219021095,0.05083890865313774,-0.11842606
zhengmix4eq,fa,5000,0,1.0000000004897318,44.67939040862187,0.04475492953358875,1.6884576e-09
zhengmix4eq,fa,2500,0,1.585426410234469,37.43771563592486,0.04348978001143324,-0.0779461
zhengmix4eq,fa,15000,0,1.0000007907761916,44.679359967607915,0.04475496631597292,5.471456e-09
zhengmix4eq,fa,5,0,1272.1805049740492,0.5372439310811282,2.6271570527442183,0.64174086
zhengmix4eq,fa,50,0,77.95842023887317,3.9718702695587584,0.31232495281526196,-0.012671687
zhengmix4eq,fa,1,0,26384.313195206872,2.1143931915890875,0.24211139502066084,0.3072155
zhengmix4eq,fa,2,0,15877.5934639114,0.4195516671704368,2.5722571626769013,0.6690211
zhengmix4eq,fa,3,0,5936.982190839084,0.5089731429876353,2.8630599441000406,0.65228593
zhengmix4eq,fa,4,0,2106.1420335890857,0.5188622213772294,2.8367046967893135,0.64897186
zhengmix4eq,fa,6,0,983.8158976598244,0.8016944813167467,1.523955102093236,0.5429949
zhengmix4eq,fa,7,0,777.1470615785128,0.9831875409811586,1.2581593916504734,0.46914318
zhengmix4eq,fa,8,0,612.3173303169918,0.8467165701778963,1.398190453738549,0.53115135
zhengmix4eq,fa,9,0,530.5277846065629,1.0126071787069892,1.201219178237049,0.464598
zhengmix4eq,fa,12,0,360.54427448509125,1.2153266990210332,1.0007386523699149,0.38159186
zhengmix4eq,fa,14,0,310.32255055729115,1.4566256513511702,0.8690024629952353,0.32207417
zhengmix4eq,fa,16,0,263.0858659935764,1.6743627353575388,0.7347090518446668,0.26565918
zhengmix4eq,fa,18,0,233.01039653242452,1.842206785782155,0.6849016290267399,0.22389747
zhengmix4eq,fa,20,0,204.053600338306,1.9234144979284358,0.6416107538226166,0.20996389
zhengmix4eq,fa,30,0,131.2843353797591,2.687272216739449,0.4572578185496106,0.095121935
zhengmix4eq,fa,35,0,111.84561850602454,3.0401099921049433,0.40497997106653216,0.055401355
zhengmix4eq,fa,40,0,98.29457057090846,3.373217873403574,0.36902826146831486,0.02998252
zhengmix4eq,fa,45,0,86.93978269312903,3.6908131446350874,0.33546170404085635,0.0067467457
zhengmix4eq,fa,75,0,51.62771180527805,4.985497046948664,0.25065562183125667,-0.053495076
zhengmix4eq,mctsne,5,0,14335.583390985019,0.42647947765897054,3.361277629967235,0.7044923
zhengmix4eq,mctsne,10,0,14753.446358523479,0.41090340017717325,3.4823462896424364,0.7164195
zhengmix4eq,mctsne,100,0,2.163535789929439,3.6202068387615753,0.2800525761445062,-0.12727681
zhengmix4eq,mctsne,1000,0,50.66831404229593,2.636917260450618,0.008765856118721346,-0.4640762
zhengmix4eq,mctsne,5000,0,17779.73598458323,0.20553876820054937,5.057420328278083,0.9056596
zhengmix4eq,mctsne,1,0,35731.42350282343,0.3263196954704402,3.9497143612679264,0.749148
zhengmix4eq,mctsne,2,0,18548.14134627567,0.41115872154491173,3.5967287288555227,0.7117384
zhengmix4eq,mctsne,3,0,13224.712747093625,0.4500744875268051,3.1789867994893743,0.6802002
zhengmix4eq,mctsne,4,0,13234.608165134361,0.4599732316898253,3.249715930744599,0.68721575
zhengmix4eq,mctsne,6,0,13020.156177158411,0.4323138256029819,3.4220772644637574,0.7038977
zhengmix4eq,mctsne,7,0,15236.757154461595,0.4195130674553119,3.3879366952366046,0.7075533
zhengmix4eq,mctsne,8,0,15008.46145433348,0.4213445078405669,3.3777035128024586,0.7100991
zhengmix4eq,mctsne,9,0,14354.714571381552,0.4183337570583199,3.4628239033927803,0.7110094
zhengmix4eq,lda,5,0,16595.004263411636,1.02510178845761,0.7042104580745732,0.3508253
zhengmix4eq,lda,10,0,16748.428443995537,0.8667816965473727,0.6504297093801262,0.4002911
zhengmix4eq,lda,25,0,14684.096809735272,0.727649455610484,0.8016908733391857,0.49980435
zhengmix4eq,lda,50,0,10921.988012987444,0.7411939103343148,0.739455231212736,0.4835213
zhengmix4eq,lda,100,0,8808.984076612815,0.6954412265811707,0.5246536337476144,0.4858539
zhengmix4eq,lda,250,0,12432.767395891995,0.6369212951984599,0.6046073803887251,0.52355343
zhengmix4eq,lda,1,0,1.0,0.0,nan,0.0
zhengmix4eq,lda,2,0,19866.000944051953,10.733288878126967,0.07347179315777168,0.33660772
zhengmix4eq,lda,3,0,10905.365682747308,1.2462144392487524,0.8420097694958231,0.4193779
zhengmix4eq,lda,4,0,15786.954198940693,1.3605553224359643,0.7456233434404109,0.3151427
zhengmix4eq,lda,6,0,18073.329263511896,0.857632133691657,0.9561988315823737,0.42757386
zhengmix4eq,lda,7,0,18087.39695582143,0.908946784220259,1.298321760967224,0.46543068
zhengmix4eq,lda,8,0,16560.584619462014,1.0647387349219657,0.534381941034129,0.4429671
zhengmix4eq,lda,9,0,16973.742490044275,0.6464913246672777,1.1069967911094172,0.5232712
zhengmix4eq,lda,12,0,15984.153330707013,1.0035355806449768,0.654683058517775,0.4505613
zhengmix4eq,lda,16,0,17515.62251629772,0.7532906585334038,0.7832227813015029,0.48220694
zhengmix4eq,lda,18,0,14388.284439388048,0.8919053267908705,0.624825084635971,0.4638854
zhengmix4eq,lda,20,0,17335.63153883394,0.8512721577898856,0.6360540094976134,0.4607759
zhengmix4eq,lda,30,0,12268.644574063184,0.7117908102029478,0.7067599529258664,0.5013159
zhengmix4eq,lda,35,0,11016.303795449383,0.6998289137636251,0.6415329360714,0.4941689
zhengmix4eq,lda,40,0,16117.1138974612,0.6975858115153889,0.6952167786834113,0.5046458
zhengmix4eq,lda,45,0,12944.780930225204,0.7221518240750469,0.6223496138638072,0.49871218
zhengmix4eq,lda,75,0,12923.0414717368,0.6372222375653137,0.7071011137528768,0.5173185
simk4hard,pca,5,0,47.91874464379402,4.568644748638679,0.31489447441300034,0.05384286
simk4hard,pca,10,0,41.024435352354445,3.288389258925953,0.5002720750070389,0.067801185
simk4hard,pca,25,0,29.329881177804964,3.2107540931252094,0.56560683673777,0.07400552
simk4hard,pca,50,0,21.957053935953233,3.7233280405598173,0.4813478034692975,0.05412927
simk4hard,pca,100,0,17.885112967757685,4.134171769392319,0.43285122034569895,0.04346588
simk4hard,pca,250,0,15.83874060017969,4.398848716402977,0.4074335268841565,0.03831229
simk4hard,pca,1,0,18.7503612614415,7.6220695492330055,0.24155590359335655,-0.07443213
simk4hard,pca,2,0,58.440281102470344,3.902440515924069,0.3881576891032318,0.008772229
simk4hard,pca,3,0,59.87787001385812,4.182675182465009,0.32849451346407155,0.042604398
simk4hard,pca,4,0,57.158517343694925,4.143494027084369,0.33221994265298865,0.05080864
simk4hard,pca,6,0,47.81125675022085,4.063668533349681,0.36757340546464284,0.059673198
simk4hard,pca,7,0,46.30035563171719,3.3838448082693517,0.48969099279892464,0.061945196
simk4hard,pca,8,0,42.75144999627304,3.5011592901119934,0.4799011988975831,0.059030306
simk4hard,pca,9,0,40.952735464729585,3.2857276470090815,0.5107124975333923,0.06311399
simk4hard,pca,12,0,40.36603681263339,2.8174732050418383,0.6404529776416924,0.08730586
simk4hard,pca,14,0,38.64515958489611,2.803529532059819,0.6530685450880678,0.091597974
simk4hard,pca,16,0,36.204382381928376,2.8904459156605267,0.6346344405889226,0.08783562
simk4hard,pca,18,0,33.93653734839408,2.9917248042666214,0.6101167741854917,0.08299113
simk4hard,pca,20,0,32.46025008534244,3.0548552495086496,0.5935790028527999,0.08077242
simk4hard,pca,30,0,27.067551127726965,3.34267957378737,0.5393702400366215,0.06824053
simk4hard,pca,35,0,25.321210323308346,3.4597965497664265,0.5198864406552187,0.06364539
simk4hard,pca,40,0,23.956495014746405,3.5591544336756997,0.504509781722794,0.05966425
simk4hard,pca,45,0,22.85183494385,3.6473979584970526,0.491884996128812,0.05678401
simk4hard,pca,75,0,19.217732823312055,3.9845862677030706,0.44889152057524895,0.046852082
simk4hard,fa,5,0,203.73208249104033,0.950634594325736,1.8246831545202713,0.43062484
simk4hard,fa,10,0,66.73493518765169,1.770832465702042,1.0217293399079588,0.21899037
simk4hard,fa,25,0,21.316294739825775,3.27556475781636,0.5687028733085469,0.07684448
simk4hard,fa,50,0,10.325765373269652,4.80100897027524,0.3807358388835424,0.027421882
simk4hard,fa,100,0,5.02775781367706,7.008571571567595,0.263127037403522,0.0016485507
simk4hard,fa,250,0,1.9705773118586374,11.518265705326938,0.15985921509022366,-0.008372548
simk4hard,fa,500,0,1.0000000458507312,16.366532428829693,0.11381417851064202,4.8397647e-10
simk4hard,fa,2500,0,1.0000000693745434,16.366532752704977,0.11381417799316884,-3.8718118e-09
simk4hard,fa,1000,0,1.0000000041408705,16.36653196923933,0.1138141917241425,1.2099413e-09
simk4hard,fa,5000,0,0.9999999478086226,16.366534195736552,0.1138141611675429,-1.0889468e-09
simk4hard,fa,10000,0,0.999999906567871,16.366533593673772,0.11381416597945253,-3.9928056e-09
simk4hard,fa,15000,0,0.9999999107647259,16.366532524458705,0.11381418770192345,0.0
simk4hard,fa,1,0,45967.51053816954,2.1900941516132817,0.2839881070607977,0.6131576
simk4hard,fa,2,0,12097.228080023404,0.1826711873529681,7.9516138063690756,0.87485784
simk4hard,fa,3,0,2423.517243018165,0.27222512312175307,6.414520574061835,0.79903436
simk4hard,fa,4,0,365.3054504409376,0.6806622184098486,2.520712948953209,0.55369306
simk4hard,fa,6,0,145.5794159936991,1.142667902034855,1.6063661937615477,0.36942366
simk4hard,fa,7,0,102.57225590993978,1.389148264058755,1.3021161746417098,0.28966856
simk4hard,fa,8,0,88.9348454061146,1.542794258029557,1.1855194119889196,0.2622864
simk4hard,fa,9,0,72.88189915566375,1.6791851040156958,1.079114182532209,0.23043013
simk4hard,fa,12,0,51.58243151071565,2.06022802721315,0.8942488748955605,0.17408735
simk4hard,fa,14,0,42.411934189360075,2.2879147019270487,0.7899177508512971,0.14392349
simk4hard,fa,16,0,35.78877667364493,2.491654269278039,0.740440373673342,0.12767826
simk4hard,fa,18,0,31.901102049844347,2.6670171610403024,0.6687079224388526,0.11223853
simk4hard,fa,20,0,27.54353499349983,2.866419523709877,0.6375351284211994,0.09471876
simk4hard,fa,30,0,17.489174060256676,3.6391926222634257,0.5058953588121808,0.058414865
simk4hard,fa,35,0,14.975928027228669,3.964241978592808,0.45873588028262535,0.047299456
simk4hard,fa,40,0,12.953333014917689,4.237253236845719,0.4332844901324467,0.0389571
simk4hard,fa,45,0,11.484087503342383,4.536466849020101,0.40039575826116697,0.029027175
simk4hard,fa,75,0,6.751239790842052,5.983980276101434,0.3071485898208965,0.007613874
simk4hard,umap,10,0,320.9252329808686,2.1315936525580956,0.7139862488265292,0.22712289
simk4hard,umap,5,0,324.61958577968545,2.185870991610688,0.7147269504380248,0.2295636
simk4hard,umap,25,0,328.580658031375,2.041882559755367,0.7380162338184124,0.23436037
simk4hard,umap,50,0,327.92148213753285,2.107262482113656,0.7197434270280636,0.22825487
simk4hard,umap,100,0,328.35019083608074,2.067897274761562,0.7332575577796042,0.23071465
simk4hard,umap,250,0,339.3523171046181,2.0552080688151517,0.7288313212370872,0.23130548
simk4hard,umap,1,0,446.7212448939441,6.978856969071341,0.15861479800330858,0.14396983
simk4hard,umap,2,0,474.7816557742952,1.635369519581241,0.9144748138823283,0.25661594
simk4hard,umap,3,0,333.4074052828767,1.8881959664256556,0.8199013746480137,0.23463483
simk4hard,umap,4,0,365.51699621427036,2.0724796244622388,0.7458770076985243,0.23421323
simk4hard,umap,6,0,321.3190330692995,2.106260941773141,0.7052896925242752,0.23150225
simk4hard,umap,7,0,320.20312097063623,2.088472569082628,0.7174261115928641,0.23269679
simk4hard,umap,8,0,322.8596156370917,2.1155093730896977,0.7343175934875077,0.23020867
simk4hard,umap,9,0,323.6926337501599,2.0773467361638986,0.7286494272808381,0.22963725
simk4hard,umap,12,0,336.50733571403646,2.094744372722174,0.7236622403687853,0.22982664
simk4hard,umap,14,0,318.38280297816294,2.1434445936784625,0.6969138990356972,0.22982568
simk4hard,umap,16,0,326.4434597153442,2.029641204654226,0.7467347849816487,0.23274858
simk4hard,umap,18,0,308.4235726169107,2.092295236868905,0.732829557590567,0.22994003
simk4hard,umap,20,0,332.9287848382121,2.0906464117506127,0.7262029538156352,0.23122786
simk4hard,umap,30,0,332.0061573178399,2.050152878740871,0.7308940561300094,0.23146313
simk4hard,umap,35,0,358.5197322671172,2.0695221073049956,0.7303197982764287,0.23344454
simk4hard,umap,40,0,310.9941905414017,2.129254446792703,0.7086253054639808,0.22804771
simk4hard,umap,45,0,321.3111991060709,2.0733787631828773,0.7322457774378934,0.23074882
simk4hard,umap,75,0,312.83604640740236,2.142499376393066,0.707920529029239,0.22674678
simk4hard,mctsne,5,0,215.30731529452814,1.9749395453446978,0.7770530521172834,0.22342743
simk4hard,mctsne,10,0,206.77916342662886,2.0465359073470055,0.7644573981618317,0.22311604
simk4hard,mctsne,100,0,0.7635430064323308,3.407141485952605,0.3338804547692618,-0.74149436
simk4hard,mctsne,1000,0,3.1447651000756056,4.236611278722192,0.13348402478813368,-0.28168446
simk4hard,mctsne,2500,0,0.4572302785769215,1550.148237080939,9.602522037539933e-08,-0.5450841
simk4hard,mctsne,5000,0,0.8389555768230522,430.1025804880089,1.1245523664764727e-07,-0.66484165
simk4hard,mctsne,50,0,1.8490743656784543,2.3082973171121934,1.3973705943770116e-07,-0.16400866
simk4hard,mctsne,10000,0,1513.3655029032518,4.6024824334370065,0.08242201193088415,0.04963006
simk4hard,mctsne,1,0,159.52809283952612,4.997106593023509,0.21916153075586248,0.15645497
simk4hard,mctsne,2,0,190.82024296154663,2.6764722629711635,0.47843353045431797,0.20384789
simk4hard,mctsne,3,0,189.9670985247213,2.0478811385601325,0.7529942013910703,0.21179247
simk4hard,mctsne,4,0,227.53744879958623,1.8655109745165328,0.8097620790578848,0.22619498
simk4hard,mctsne,6,0,210.32413195786953,2.0673673625166593,0.7600760357658697,0.22302775
simk4hard,mctsne,7,0,219.82095243712968,2.0089575014873153,0.7711131580120898,0.2251991
simk4hard,mctsne,8,0,208.5162255824775,2.0722002344548187,0.7492364148395578,0.22272274
simk4hard,mctsne,9,0,205.15382466983095,2.050809633496569,0.7573143166140051,0.22220373
simk4hard,lda,5,0,963.515524395945,1.2326880094397163,1.202370104500769,0.31451336
simk4hard,lda,10,0,431.9724455677691,1.4203132632686792,0.9960213841417864,0.28432426
simk4hard,lda,25,0,469.6664053605805,1.4741837132830176,0.9532973471242918,0.294749
simk4hard,lda,50,0,810.6135514176106,1.4341096542461993,0.8650043676836475,0.3281006
simk4hard,lda,100,0,452.89793752461185,1.1946081011346685,0.9409804867255772,0.32017943
simk4hard,lda,250,0,334.7701096302052,1.2221570061902283,0.8020446866338892,0.2972233
simk4hard,lda,500,0,806.4411405308192,1.3458378734092706,0.717338755639762,0.31526187
simk4hard,lda,1000,0,282.678048224188,1.5586867418745851,0.6160295474804635,0.28833976
simk4hard,lda,1,0,1.0,0.0,nan,0.0
simk4hard,lda,2,0,77.4407144354912,8.095994755284382,0.1323353090910832,-0.05173826
simk4hard,lda,3,0,186.03362213558205,15.879870597962887,0.06380588630028915,0.12506388
simk4hard,lda,4,0,329.2920111238967,3.232130976899285,0.44586256955957027,0.14327796
simk4hard,lda,7,0,364.0418355293899,1.6018350308155695,0.9020778605352923,0.27825353
simk4hard,lda,6,0,310.94277656999606,1.4160039682451309,1.187739450651434,0.2616039
simk4hard,lda,9,0,685.7201183595246,1.4374311523049528,1.0576810708886342,0.29983687
simk4hard,lda,8,0,476.68772482133875,1.556620974096249,0.9432450104495609,0.28264856
simk4hard,lda,14,0,473.4847172142845,2.1759057684012766,0.5532655198279248,0.28314328
simk4hard,lda,12,0,855.817327656885,1.588590713166691,0.9071369555276675,0.30240923
simk4hard,lda,16,0,460.98785022449607,1.5020374351101773,1.0364476425365596,0.28382218
simk4hard,lda,20,0,535.5674937927049,1.3313855966284804,1.0970497958171743,0.32334426
simk4hard,lda,18,0,516.8943424756623,1.1938837359284413,1.255599997834652,0.36696908
simk4hard,lda,35,0,611.6069406666858,1.427977111541632,0.8431720256906888,0.3459509
simk4hard,lda,30,0,523.3679046079573,1.308285837916867,0.952810072271589,0.33990014
simk4hard,lda,40,0,570.929322142673,1.3964404974551388,0.9753995390296403,0.3179449
simk4hard,lda,45,0,478.3365829966942,1.2865851332616571,1.0369136169067912,0.34676304
simk4hard,lda,75,0,429.40571993440466,1.2729339062753828,0.9144518525025035,0.32033098
koh,full,48981,0,68.51374623102149,3.113119311485014,0.22022620276924465,-0.021390457
kumar,full,45159,0,368.6173473165095,0.6684652219490702,1.5255749341254359,0.5207185
simk4easy,full,43606,0,63.28264860761139,2.451554270406839,0.6959887688775869,0.13419087
simk8hard,full,43601,0,11.282567579404223,4.024974203945524,0.34314498072967314,0.03377655
zhengmix8eq,full,15716,0,279.29479574796204,4.800056930323172,0.18131422639980077,0.0629806
zhengmix4eq,full,15568,0,582.7548703857145,2.3074539129680685,0.5351661661324504,0.10744402
simk4hard,full,43638,0,15.620469765577623,4.429665424816189,0.4047364654323939,0.037798055
